key,label,temporal_group,raised_head_ratio,lowered_head_ratio,head_turned_ratio,mean_orientation_to_target,orientation_consensus_ratio,std_orientation_score,min_orientation_score,max_orientation_score,upright_ratio,forward_lean_proxy_ratio,very_low_head_proxy_ratio,mean_posture_elevation,min_posture_elevation,std_posture_elevation,shoulder_tilt_mean,posture_symmetry,student_count_norm,mean_face_visibility,hidden_face_ratio,both_eyes_visible_ratio,single_eye_ratio,median_face_visibility,face_visibility_iqr,posture_observation_ratio,matched_center_displacement_mean_x10,matched_center_displacement_std_x10,matched_stillness_ratio,matched_high_motion_ratio,speaker_in_zone,matched_speaker_displacement_x10,orientation_alignment,head_elevation_dispersion,anger,disgust,fear,happiness,sadness,surprise,neutral,affect_reliability
high/view2227.mp4,2,H01,0.586309552192688,0.2738095223903656,0.4551091492176056,0.7788461446762085,0.9821428656578064,0.06609197705984116,0.6704767346382141,0.8625823259353638,0.777529776096344,0.2224702537059784,0.0,0.16449707746505737,0.09358823299407959,0.043344929814338684,0.37408447265625,0.1577381044626236,0.5166666507720947,0.8188132643699646,0.0,0.854414701461792,0.1455853283405304,0.8713016510009766,0.1258203685283661,1.0,0.14193642139434814,0.1471184939146042,0.4866071343421936,0.0870535746216774,1.0,0.13141241669654846,0.9845931529998779,0.043344929814338684,0.0707092136144638,0.006313633173704147,0.09419719874858856,0.03922435641288757,0.6142892837524414,0.03228765353560448,0.14297860860824585,0.5947264432907104
high/view2228.mp4,2,H01,0.5954861044883728,0.296875,0.550694465637207,0.8082382678985596,0.984375,0.061256907880306244,0.7013782262802124,0.893944263458252,0.840624988079071,0.15937499701976776,0.0,0.16558803617954254,0.11193697899580002,0.038354963064193726,0.3610130548477173,0.21215277910232544,0.5583333373069763,0.7872118353843689,0.012500000186264515,0.8017361164093018,0.19826388359069824,0.8641708493232727,0.2014671266078949,1.0,0.20244261622428894,0.23853862285614014,0.4635416865348816,0.1979166716337204,1.0,0.10729742795228958,0.9741295576095581,0.038354963064193726,0.08192864805459976,0.003913916647434235,0.08537863940000534,0.06748104095458984,0.5933146476745605,0.0535561703145504,0.11442688852548599,0.666234016418457
high/view2229.mp4,2,H01,0.7080853581428528,0.183283731341362,0.5406745672225952,0.7808796763420105,0.877480149269104,0.07161656767129898,0.6491210460662842,0.8860226273536682,0.907490074634552,0.0925099179148674,0.0,0.17997576296329498,0.1122579425573349,0.04334323853254318,0.29040995240211487,0.2065972238779068,0.550000011920929,0.8029536008834839,0.015625,0.8489583134651184,0.1354166716337204,0.8555557727813721,0.18597102165222168,0.984375,0.1297936737537384,0.1430201232433319,0.5503472089767456,0.0590277761220932,1.0,0.23613256216049194,0.9480980634689331,0.04334323853254318,0.07726821303367615,0.005617762450128794,0.09272538870573044,0.12491253018379211,0.5060628056526184,0.07377254217863083,0.1196407675743103,0.6385501623153687
high/view2230.mp4,2,H01,0.7552083730697632,0.1299603134393692,0.4521329402923584,0.6752850413322449,0.7073413133621216,0.10676886886358261,0.46995335817337036,0.8068698048591614,0.9236111044883728,0.0763888880610466,0.0,0.1732032150030136,0.12025466561317444,0.03361916542053223,0.2745078504085541,0.3164682686328888,0.5166666507720947,0.7900521755218506,0.013888888992369175,0.823908805847168,0.162202388048172,0.8564513921737671,0.22305063903331757,0.9861111044883728,0.16344571113586426,0.12587743997573853,0.2864583432674408,0.1056547686457634,1.0,0.05864596739411354,0.9353997111320496,0.03361916542053223,0.1254328489303589,0.005394434556365013,0.07396429777145386,0.25364038348197937,0.4124475419521332,0.042471595108509064,0.08664888888597488,0.6033632755279541
high/view2231.mp4,2,H01,0.625,0.1498015820980072,0.3933531939983368,0.6814673542976379,0.5677083730697632,0.09854523837566376,0.508033812046051,0.8224927186965942,0.9370039701461792,0.0629960298538208,0.0,0.16844677925109863,0.12164773792028427,0.032127514481544495,0.25366416573524475,0.183779776096344,0.5333333611488342,0.7979341149330139,0.0,0.8122519850730896,0.1877480298280716,0.8423263430595398,0.1693612039089203,1.0,0.2245158702135086,0.2169177085161209,0.3459821939468384,0.125,1.0,0.08237721025943756,0.9575442671775818,0.032127514481544495,0.11319031566381454,0.010168807581067085,0.10438064485788345,0.19045975804328918,0.4299662113189697,0.061971478164196014,0.08986276388168335,0.577401340007782
high/view2232.mp4,2,H01,0.627678632736206,0.25133928656578064,0.4850694537162781,0.6739307045936584,0.5871527791023254,0.14890366792678833,0.37866201996803284,0.8352147936820984,0.8258928656578064,0.1741071492433548,0.0,0.16263525187969208,0.10467977821826935,0.036131761968135834,0.2771499454975128,0.2547619342803955,0.550000011920929,0.7657651901245117,0.02777777798473835,0.7426091432571411,0.21398811042308807,0.8213056325912476,0.24670496582984924,0.9722222089767456,0.20452381670475006,0.28253597021102905,0.4020337462425232,0.1143353134393692,1.0,0.026986075565218925,0.8698005080223083,0.036131761968135834,0.08375860005617142,0.0053918929770588875,0.09265591204166412,0.25185227394104004,0.3656061291694641,0.06782644987106323,0.13290877640247345,0.5579696297645569
high/view2233.mp4,2,H01,0.6259920597076416,0.193452388048172,0.5751488208770752,0.7413762807846069,0.833829402923584,0.08987204730510712,0.5698643326759338,0.8579018712043762,0.8851686716079712,0.11483134329319,0.0,0.17425696551799774,0.11173880100250244,0.046613145619630814,0.3334972560405731,0.2234623283147812,0.5166667103767395,0.7876197099685669,0.0,0.8561508059501648,0.1438492089509964,0.8142077922821045,0.1801876574754715,1.0,0.25983089208602905,0.3269413709640503,0.2924107313156128,0.1220238134264946,1.0,0.1352071613073349,0.9675615429878235,0.046613145619630814,0.10452940315008163,0.004879821091890335,0.06917879730463028,0.18225745856761932,0.46688708662986755,0.03691771626472473,0.13534975051879883,0.598375678062439
high/view2234.mp4,2,H01,0.6607142686843872,0.1994047611951828,0.5989583134651184,0.7770186066627502,0.9583333134651184,0.07361051440238953,0.6778732538223267,0.8973811268806458,0.8891369700431824,0.1108631044626236,0.0,0.1772979497909546,0.11673921346664429,0.04361803084611893,0.3482550382614136,0.21800597012043,0.4500000476837158,0.8215380907058716,0.0,0.9248511791229248,0.0751488134264946,0.8416903614997864,0.09994129836559296,1.0,0.10501790791749954,0.09609650820493698,0.5255952477455139,0.0416666679084301,1.0,0.07298987358808517,0.9762017130851746,0.04361803084611893,0.09151723980903625,0.00804662425071001,0.09406058490276337,0.08227177709341049,0.5467548966407776,0.05719774216413498,0.12015119940042496,0.5724800229072571
high/view2235.mp4,2,H01,0.644345223903656,0.1852678507566452,0.6205357313156128,0.7388460636138916,0.8028274178504944,0.13536107540130615,0.4699009954929352,0.8881737589836121,0.848214328289032,0.1517857164144516,0.0,0.1749202162027359,0.11383389681577682,0.03911678120493889,0.4181695580482483,0.1793154925107956,0.46666666865348816,0.703759491443634,0.0535714328289032,0.70014888048172,0.2641369104385376,0.7520773410797119,0.25523483753204346,0.9642857313156128,0.3706006705760956,0.3435402810573578,0.4732142984867096,0.1607142835855484,1.0,0.057941414415836334,0.9317906498908997,0.03911678120493889,0.09623605012893677,0.021479716524481773,0.10367851704359055,0.07222277671098709,0.5683676600456238,0.04789317771792412,0.09012206643819809,0.47510021924972534
high/view2236.mp4,2,H01,0.7735615372657776,0.1225198432803154,0.5860614776611328,0.7132426500320435,0.8048115372657776,0.1421387940645218,0.40374472737312317,0.8591538667678833,0.9404762387275696,0.0595238134264946,0.0,0.1821299046278,0.11721154302358627,0.03610600158572197,0.46962934732437134,0.0987103134393692,0.5166667103767395,0.7214298248291016,0.0848214253783226,0.7502480149269104,0.18278768658638,0.7875125408172607,0.19402888417243958,0.9330357313156128,0.22259919345378876,0.2517269551753998,0.443452388048172,0.1614583283662796,1.0,0.06413998454809189,0.9395140409469604,0.03610600158572197,0.0760410726070404,0.005105221644043922,0.07451283931732178,0.08881816267967224,0.5721766352653503,0.06261123716831207,0.12073490023612976,0.5154477953910828
high/view2237.mp4,2,H01,0.7197195291519165,0.12962211668491364,0.7446789741516113,0.7810360193252563,0.9098124504089355,0.08735894411802292,0.6384340524673462,0.9091765880584717,0.9747474789619446,0.02525252476334572,0.0,0.1913205087184906,0.1263142079114914,0.048607345670461655,0.40208274126052856,0.10878878086805344,0.5249999761581421,0.7339421510696411,0.0,0.6885823011398315,0.31141775846481323,0.7284622192382812,0.18238911032676697,1.0,0.1554836928844452,0.2161460816860199,0.5907738208770752,0.0982142835855484,1.0,0.05956508219242096,0.9799796342849731,0.048607345670461655,0.09956184029579163,0.004957679659128189,0.0671631321310997,0.10394231230020523,0.6362469792366028,0.033639587461948395,0.05448852851986885,0.4927876591682434
high/view2238.mp4,2,H01,0.6523810029029846,0.17306548357009888,0.6523133516311646,0.7206116318702698,0.801379919052124,0.11459687352180481,0.4728950262069702,0.8376749753952026,0.9192956686019897,0.08070436865091324,0.0,0.1741509884595871,0.11616304516792297,0.04207038879394531,0.4064805209636688,0.1055600643157959,0.550000011920929,0.764330267906189,0.04172078147530556,0.8058441877365112,0.16493508219718933,0.8297893404960632,0.13591377437114716,0.9582792520523071,0.2655942738056183,0.2515559196472168,0.3375000059604645,0.15000000596046448,1.0,0.05266938358545303,0.9567663669586182,0.04207038879394531,0.10778424143791199,0.00633617490530014,0.05057399347424507,0.10993194580078125,0.601924479007721,0.030861031264066696,0.0925881490111351,0.5683791637420654
high/view2239.mp4,2,H01,0.6232638955116272,0.21631944179534912,0.5490078926086426,0.7230060696601868,0.7908729910850525,0.0986858680844307,0.5384354591369629,0.8481435179710388,0.8253471851348877,0.17465278506278992,0.0,0.16535063087940216,0.10270879417657852,0.039390433579683304,0.32688242197036743,0.19042658805847168,0.5666667222976685,0.7903037667274475,0.01785714365541935,0.8967261910438538,0.10327380895614624,0.8377571702003479,0.1493428647518158,0.9821428656578064,0.14626766741275787,0.20412731170654297,0.5679563283920288,0.0612599179148674,1.0,0.11609158664941788,0.9617021083831787,0.039390433579683304,0.06593490391969681,0.009004018269479275,0.0803712010383606,0.19012008607387543,0.5424119830131531,0.01941036246716976,0.09274746477603912,0.5198974013328552
high/view2299.mp4,2,H02,0.3816964328289032,0.4308035671710968,0.5572916865348816,0.6934149861335754,0.59375,0.14493444561958313,0.44403281807899475,0.8744439482688904,0.6339285373687744,0.1897321343421936,0.1684027761220932,0.13265317678451538,0.02507775090634823,0.06428375840187073,0.34442073106765747,0.1371527761220932,0.550000011920929,0.7751171588897705,0.0434027761220932,0.7916666269302368,0.1927083283662796,0.8637134432792664,0.19540925323963165,0.9565972089767456,0.1981356143951416,0.22154474258422852,0.3211805522441864,0.1232638880610466,1.0,0.1805502474308014,0.963263988494873,0.06428375840187073,0.03658469393849373,0.0018671785946935415,0.06082988902926445,0.07402615249156952,0.7091387510299683,0.01626305840909481,0.1012902781367302,0.45296356081962585
high/view2300.mp4,2,H02,0.2638888955116272,0.5347222089767456,0.5451388955116272,0.7314762473106384,0.7118055820465088,0.13383036851882935,0.47544407844543457,0.8828703165054321,0.5121527910232544,0.3802083432674408,0.1076388880610466,0.11971734464168549,0.03574453294277191,0.047812569886446,0.4357130825519562,0.0607638880610466,0.550000011920929,0.742515504360199,0.013888888992369175,0.7430555820465088,0.2430555522441864,0.828583836555481,0.2652931809425354,0.9861111044883728,0.1428225040435791,0.1532757729291916,0.4600694477558136,0.0434027761220932,1.0,0.1595701277256012,0.9494583010673523,0.047812569886446,0.04873412474989891,0.0028182263486087322,0.05783278867602348,0.05897139385342598,0.7560423612594604,0.008445821702480316,0.06715528666973114,0.4173998534679413
high/view2301.mp4,2,H02,0.1406250149011612,0.6788194179534912,0.5295138955116272,0.6707698702812195,0.5277777910232544,0.13620370626449585,0.5058038830757141,0.8665238618850708,0.3802083432674408,0.2829861044883728,0.3368055522441864,0.08150320500135422,-0.04914182052016258,0.06694720685482025,0.3546449542045593,0.2378472238779068,0.5583333373069763,0.7734096646308899,0.0,0.7586805820465088,0.2413194477558136,0.8057405352592468,0.215582937002182,1.0,0.1302831918001175,0.13092182576656342,0.4878472089767456,0.0729166716337204,1.0,0.13075710833072662,0.9736500382423401,0.06694720685482025,0.06484512239694595,0.0025834557600319386,0.07854267954826355,0.07065200805664062,0.687031626701355,0.01114843599498272,0.08519668132066727,0.34452077746391296
high/view2302.mp4,2,H02,0.08883929252624512,0.7834821939468384,0.5647321343421936,0.6368233561515808,0.4022321403026581,0.14052045345306396,0.4793298542499542,0.8360984325408936,0.2834821343421936,0.3839285969734192,0.3258928656578064,0.07596450299024582,-0.04823197424411774,0.06691861152648926,0.3880544900894165,0.13660714030265808,0.5333333611488342,0.7527452707290649,0.03125,0.8392857313156128,0.1294642835855484,0.7881134748458862,0.1621999442577362,0.96875,0.16929474472999573,0.19349761307239532,0.6138392686843872,0.09375,0.625,0.12954139709472656,0.9780993461608887,0.06691861152648926,0.11251716315746307,0.0035497734788805246,0.05588497221469879,0.09449932724237442,0.6555190682411194,0.012233177199959755,0.06579656898975372,0.3248852789402008
high/view2303.mp4,2,H02,0.33472222089767456,0.3107638657093048,0.5761408805847168,0.634706437587738,0.5558035969734192,0.1365683376789093,0.38490280508995056,0.8029283881187439,0.8315972685813904,0.118055559694767,0.0503472238779068,0.13865739107131958,0.09061557054519653,0.028200609609484673,0.36882904171943665,0.1788194328546524,0.4500000774860382,0.7449929714202881,0.052579365670681,0.8028274178504944,0.1584821492433548,0.7824674844741821,0.16679954528808594,0.961309552192688,0.17085517942905426,0.16479532420635223,0.4680059552192688,0.1450892835855484,0.25,0.0,0.9699949622154236,0.028200609609484673,0.0861470028758049,0.007649113889783621,0.06305840611457825,0.03991552069783211,0.6836614012718201,0.03269562870264053,0.08687292039394379,0.3265451192855835
high/view2348.mp4,2,H03,0.7491431832313538,0.13512356579303741,0.7643713355064392,0.7624444365501404,0.8872475028038025,0.09113257378339767,0.5776342749595642,0.8904383778572083,0.9526289701461792,0.0473710298538208,0.0,0.18538250029087067,0.11912009865045547,0.046169035136699677,0.3826960027217865,0.10074856132268906,0.5833333134651184,0.7282779216766357,0.012500000186264515,0.7777146100997925,0.2097853571176529,0.7458196878433228,0.12654289603233337,0.987500011920929,0.12929822504520416,0.15021559596061707,0.6004464626312256,0.0625,1.0,0.045692991465330124,0.9778560400009155,0.046169035136699677,0.08663861453533173,0.0051674614660441875,0.059090692549943924,0.08882567286491394,0.6491569876670837,0.03286173194646835,0.07825879752635956,0.5122376680374146
high/view2349.mp4,2,H03,0.61879962682724,0.1763392835855484,0.7212302088737488,0.75023353099823,0.8732638955116272,0.09749846160411835,0.5773091912269592,0.8734287619590759,0.9300594925880432,0.0699404776096344,0.0,0.18092884123325348,0.11798349022865295,0.05083222687244415,0.3973737955093384,0.1006944477558136,0.5083333849906921,0.7734401226043701,0.013888888992369175,0.8149800896644592,0.17113097012043,0.8185276985168457,0.12027237564325333,0.9861111044883728,0.2980203628540039,0.34387314319610596,0.3947916626930237,0.1614583432674408,1.0,0.05463557317852974,0.9644884467124939,0.05083222687244415,0.08841697871685028,0.00422245915979147,0.051235925406217575,0.09896942973136902,0.6343238353729248,0.023731539025902748,0.09909980744123459,0.5467707514762878
high/view2350.mp4,2,H03,0.6627479791641235,0.18224205076694489,0.5294643044471741,0.6963444352149963,0.7391368746757507,0.12492985278367996,0.41481101512908936,0.8108828067779541,0.9083829522132874,0.09161706268787384,0.0,0.17479988932609558,0.11746856570243835,0.040533602237701416,0.359843909740448,0.169394850730896,0.5583333373069763,0.7700940370559692,0.0629960298538208,0.8498511910438538,0.10277777165174484,0.8269563913345337,0.13729575276374817,0.9704861044883728,0.17955820262432098,0.20419110357761383,0.404017835855484,0.0855654776096344,1.0,0.051222458481788635,0.9262917041778564,0.040533602237701416,0.09526083618402481,0.0066993641667068005,0.0691053718328476,0.14583632349967957,0.5434055328369141,0.013545794412493706,0.12614689767360687,0.5763826370239258
high/view2351.mp4,2,H03,0.43994858860969543,0.32382306456565857,0.5802850127220154,0.7216887474060059,0.8095508813858032,0.06956077367067337,0.6056802272796631,0.8236753940582275,0.7150658369064331,0.2849341630935669,0.0,0.1503273993730545,0.09303998202085495,0.03730848431587219,0.3199642300605774,0.13536706566810608,0.5833333134651184,0.7930757403373718,0.0,0.9171085953712463,0.08289141207933426,0.8122990727424622,0.14872512221336365,1.0,0.10694193094968796,0.16236908733844757,0.6178570985794067,0.03035714477300644,1.0,0.10753808915615082,0.9811190366744995,0.03730848431587219,0.0746389776468277,0.0043870131485164165,0.07111251354217529,0.12763746082782745,0.6335482597351074,0.009182914160192013,0.07949288189411163,0.5210431218147278
high/view2352.mp4,2,H03,0.6579365134239197,0.18690477311611176,0.5257936716079712,0.7593770027160645,0.8851190209388733,0.07335026562213898,0.639089047908783,0.86557936668396,0.8269841074943542,0.17301589250564575,0.0,0.17610175907611847,0.10165033489465714,0.044138625264167786,0.3477366864681244,0.278769850730896,0.6000000238418579,0.7922638058662415,0.0,0.8876984119415283,0.11230158805847168,0.8224242925643921,0.17337700724601746,1.0,0.04933073744177818,0.04624336585402489,0.7222222089767456,0.0,1.0,0.03736945241689682,0.9811965227127075,0.044138625264167786,0.05844578891992569,0.0034813557285815477,0.0633547306060791,0.18461471796035767,0.5420008301734924,0.037745099514722824,0.11035750806331635,0.5614519119262695
high/view2470.mp4,2,H04,0.8075396418571472,0.0,0.4246031939983368,0.7394998669624329,0.9213789701461792,0.10687818378210068,0.5311518311500549,0.8860211968421936,1.0,0.0,0.0,0.1825922131538391,0.1432197391986847,0.027745570987462997,0.3673132359981537,0.2296627014875412,0.5416666865348816,0.8220201730728149,0.0295138880610466,0.9079861044883728,0.0625,0.8748490214347839,0.11547026038169861,0.9861111044883728,0.11719131469726562,0.13181883096694946,0.5022321343421936,0.078125,1.0,0.12061619758605957,0.9320363402366638,0.027745570987462997,0.11542841792106628,0.009341941215097904,0.07533956319093704,0.18253546953201294,0.4530092477798462,0.03607756271958351,0.12826776504516602,0.6854934692382812
high/view2471.mp4,2,H04,0.7420635223388672,0.0590277761220932,0.5037202835083008,0.7918044328689575,1.0,0.06047831475734711,0.7039022445678711,0.8862736225128174,0.9565972089767456,0.0434027761220932,0.0,0.17994287610054016,0.12970758974552155,0.035304222255945206,0.3857674300670624,0.1654265820980072,0.550000011920929,0.8383161425590515,0.0,0.9352678656578064,0.0647321417927742,0.8653041124343872,0.10147859901189804,1.0,0.0877293199300766,0.07993233948945999,0.5664682388305664,0.03125,1.0,0.10870420932769775,0.9829803109169006,0.035304222255945206,0.05458459258079529,0.005135747604072094,0.07359307259321213,0.1165689006447792,0.5535768270492554,0.052286937832832336,0.1442539095878601,0.6522263288497925
high/view2472.mp4,2,H04,0.42025160789489746,0.22774621844291687,0.641211211681366,0.7693029642105103,0.8653724789619446,0.0871492251753807,0.5973633527755737,0.8759509921073914,0.7992424368858337,0.13999369740486145,0.0607638880610466,0.15247681736946106,0.07315318286418915,0.04564358666539192,0.35809266567230225,0.13165134191513062,0.5666666626930237,0.8076039552688599,0.0,0.8517767190933228,0.14822331070899963,0.8721420168876648,0.13997295498847961,1.0,0.12376831471920013,0.09172618389129639,0.4543651044368744,0.0456349216401577,1.0,0.11168326437473297,0.9794272184371948,0.04564358666539192,0.03415282815694809,0.0020102025009691715,0.05576902627944946,0.07060059905052185,0.6899309158325195,0.019470082595944405,0.1280663162469864,0.5423743724822998
high/view2473.mp4,2,H04,0.2857142984867096,0.508184552192688,0.4774305522441864,0.6488061547279358,0.4913194477558136,0.20109489560127258,0.2737158536911011,0.8728750944137573,0.5409226417541504,0.2708333134651184,0.1701388955116272,0.12037546932697296,0.02037210203707218,0.05807426571846008,0.3788384795188904,0.0607638880610466,0.5416666865348816,0.7353500723838806,0.1232638880610466,0.7065972089767456,0.2152777761220932,0.8663744926452637,0.25469809770584106,0.8923611044883728,0.09619756042957306,0.07014444470405579,0.5,0.015625,1.0,0.11331719905138016,0.8845630288124084,0.05807426571846008,0.061606843024492264,0.002296899911016226,0.03624986112117767,0.06703497469425201,0.7509565353393555,0.006013680249452591,0.07584117352962494,0.4040731191635132
high/view2474.mp4,2,H04,0.2792658805847168,0.5079365372657776,0.5364583730697632,0.7140144109725952,0.6180555820465088,0.12921877205371857,0.5036798119544983,0.8858911991119385,0.5389385223388672,0.3742559552192688,0.0868055522441864,0.12316443026065826,0.039988674223423004,0.04771007224917412,0.4366745948791504,0.0451388880610466,0.5583333373069763,0.7534123063087463,0.015625,0.7760416865348816,0.2083333283662796,0.8306518197059631,0.18532143533229828,0.984375,0.1298760026693344,0.15880675613880157,0.6597222089767456,0.03125,1.0,0.0963573306798935,0.9588221311569214,0.04771007224917412,0.0340576134622097,0.00401779031381011,0.05766293406486511,0.05381486937403679,0.7260321974754333,0.024370208382606506,0.10004433989524841,0.44410935044288635
high/view2475.mp4,2,H04,0.2857142686843872,0.5379464626312256,0.578125,0.7280160188674927,0.71875,0.14884254336357117,0.45530012249946594,0.8922785520553589,0.4620535671710968,0.3482142686843872,0.1875,0.11539159715175629,0.017131486907601357,0.05611610785126686,0.4615475535392761,0.09375,0.5333333611488342,0.7422933578491211,0.015625,0.71875,0.265625,0.7983593940734863,0.23488008975982666,0.984375,0.07521190494298935,0.06709907948970795,0.625,0.0,1.0,0.04877208173274994,0.940417468547821,0.05611610785126686,0.04338925704360008,0.002890218049287796,0.0841115415096283,0.03465592861175537,0.7537079453468323,0.021295087411999702,0.05995006859302521,0.370958149433136
high/view2476.mp4,2,H04,0.284722238779068,0.5399305820465088,0.3784722685813904,0.686460018157959,0.5815972685813904,0.13397203385829926,0.5,0.850243330001831,0.5208333134651184,0.201388880610466,0.2760416567325592,0.10435669124126434,-0.03143781051039696,0.06436456739902496,0.3398447036743164,0.2743055522441864,0.574999988079071,0.7972890138626099,0.013888888992369175,0.78125,0.2187500149011612,0.8796700239181519,0.19470858573913574,0.9861111044883728,0.11818215996026993,0.11330967396497726,0.5243055820465088,0.02777777798473835,1.0,0.1656581312417984,0.9688676595687866,0.06436456739902496,0.05107138305902481,0.0028161697555333376,0.07903917133808136,0.06445662677288055,0.7182048559188843,0.008220371790230274,0.07619145512580872,0.43260037899017334
high/view2477.mp4,2,H04,0.0451388880610466,0.7239583730697632,0.5260416865348816,0.6380512118339539,0.4479166865348816,0.1391129195690155,0.48923295736312866,0.8351227045059204,0.3975694477558136,0.2013888955116272,0.4010416865348816,0.07405764609575272,-0.06305321305990219,0.07533770054578781,0.37667346000671387,0.2465277761220932,0.5416666865348816,0.7455552816390991,0.0,0.7204861044883728,0.2795138955116272,0.776524543762207,0.232315331697464,1.0,0.06878987699747086,0.06652780622243881,0.671875,0.015625,1.0,0.09562671929597855,0.9807049036026001,0.07533770054578781,0.08465859293937683,0.0036135753616690636,0.08324632048606873,0.08610337227582932,0.6688185334205627,0.011746843345463276,0.06181272119283676,0.35489141941070557
high/view2478.mp4,2,H04,0.0513392835855484,0.791914701461792,0.647569477558136,0.6499963998794556,0.4885912537574768,0.16403421759605408,0.4525951147079468,0.8642640113830566,0.3271329700946808,0.2341269850730896,0.4327877163887024,0.06175408884882927,-0.08139608800411224,0.0767570361495018,0.4026561975479126,0.0607638880610466,0.5166666507720947,0.7280445694923401,0.01785714365541935,0.7266865372657776,0.2733134925365448,0.7606837153434753,0.18843704462051392,0.9821428656578064,0.06490655243396759,0.0563727468252182,0.6830357313156128,0.0,1.0,0.059528592973947525,0.9611729383468628,0.0767570361495018,0.07831338047981262,0.0033234073780477047,0.07061050087213516,0.0907960832118988,0.6946036219596863,0.010908120311796665,0.05144485458731651,0.2777731418609619
high/view2479.mp4,2,H04,0.125,0.79985111951828,0.6292163133621216,0.6384725570678711,0.4637896716594696,0.1520911306142807,0.36885786056518555,0.8272365927696228,0.2961309850215912,0.5032241940498352,0.1884920746088028,0.08282080292701721,-0.0427895151078701,0.0657910630106926,0.416926771402359,0.0694444477558136,0.5499999523162842,0.7518390417098999,0.0612599179148674,0.8206844925880432,0.1654265969991684,0.7924877405166626,0.1995995044708252,0.938740074634552,0.21965083479881287,0.23582783341407776,0.5066964626312256,0.1440972238779068,0.5,0.09232642501592636,0.8716436624526978,0.0657910630106926,0.10881444066762924,0.0017697772709652781,0.05097958818078041,0.072785884141922,0.7086818814277649,0.009900443255901337,0.0470680370926857,0.3533927798271179
high/view2480.mp4,2,H04,0.23973214626312256,0.5371031761169434,0.467757910490036,0.6046586632728577,0.3526785969734192,0.1426907479763031,0.35447224974632263,0.788383960723877,0.6213293671607971,0.33353176712989807,0.0451388880610466,0.12454704940319061,0.0725099965929985,0.03669246658682823,0.3418235778808594,0.2065972238779068,0.5166666507720947,0.7632910013198853,0.0699404776096344,0.783730149269104,0.1641865074634552,0.8426894545555115,0.20306533575057983,0.930059552192688,0.3558657467365265,0.4063901901245117,0.3824405074119568,0.2752976417541504,0.125,0.0,0.9663701057434082,0.03669246658682823,0.06420756876468658,0.006677175406366587,0.06387538462877274,0.07378935068845749,0.7095006108283997,0.014173265546560287,0.0677766278386116,0.38855987787246704
high/view2481.mp4,2,H04,0.6674107313156128,0.0357142873108387,0.5446428656578064,0.7828036546707153,0.8593750596046448,0.08019770681858063,0.6198568344116211,0.8635256290435791,1.0,0.0,0.0,0.16646535694599152,0.13753065466880798,0.02101893350481987,0.26524975895881653,0.1763392835855484,0.4750000238418579,0.8684115409851074,0.0,1.0,0.0,0.8792377710342407,0.08661729097366333,1.0,0.030651720240712166,0.025285296142101288,0.8392857313156128,0.0,1.0,0.10356462001800537,0.9892186522483826,0.02101893350481987,0.03819555044174194,0.0028803369496017694,0.04365701973438263,0.03695905953645706,0.6577516198158264,0.012813511304557323,0.20774294435977936,0.6756175756454468
high/view2482.mp4,2,H04,0.6629464626312256,0.0513392873108387,0.5513392686843872,0.7835968732833862,0.8705357313156128,0.09164117276668549,0.5840699672698975,0.8797769546508789,1.0,0.0,0.0,0.1751737743616104,0.13443109393119812,0.028463855385780334,0.28254660964012146,0.1004464328289032,0.5166666507720947,0.8762683868408203,0.0,1.0,0.0,0.8819960355758667,0.038644060492515564,1.0,0.022095873951911926,0.017635080963373184,0.84375,0.0,1.0,0.04161787033081055,0.9931210279464722,0.028463855385780334,0.038147877901792526,0.0029536127112805843,0.06434997171163559,0.03973490744829178,0.637178361415863,0.024225983768701553,0.19340936839580536,0.682343065738678
high/view2483.mp4,2,H04,0.640625,0.0,0.578125,0.7930082082748413,0.875,0.09102687984704971,0.5966375470161438,0.8914754390716553,1.0,0.0,0.0,0.1834852695465088,0.1438296139240265,0.029351137578487396,0.2707924544811249,0.125,0.5333333611488342,0.8721834421157837,0.0,0.984375,0.015625,0.8880007863044739,0.046237096190452576,1.0,0.044307079166173935,0.07705377042293549,0.828125,0.015625,1.0,0.06521546840667725,0.9911077618598938,0.029351137578487396,0.06253190338611603,0.003002564189955592,0.054755374789237976,0.05353667587041855,0.6782803535461426,0.018460197374224663,0.12943291664123535,0.6848666071891785
high/view2484.mp4,2,H04,0.5957341194152832,0.0496031790971756,0.6532738208770752,0.7926466464996338,0.9122024178504944,0.08997230231761932,0.6261794567108154,0.905439555644989,0.9821428656578064,0.01785714365541935,0.0,0.17521272599697113,0.1315648853778839,0.034776993095874786,0.30326732993125916,0.080853171646595,0.48333337903022766,0.8407790660858154,0.0,0.961309552192688,0.0386904776096344,0.868063747882843,0.07168394327163696,1.0,0.07894082367420197,0.10409267246723175,0.743303656578064,0.0595238134264946,1.0,0.06730227917432785,0.9843460321426392,0.034776993095874786,0.06444235146045685,0.002732493681833148,0.053613580763339996,0.044605355709791183,0.6733906269073486,0.021039986982941628,0.14017561078071594,0.6607761979103088
high/view2485.mp4,2,H04,0.4454365074634552,0.0674603208899498,0.6785714626312256,0.784346342086792,0.8938491940498352,0.07817371934652328,0.6407049894332886,0.8702727556228638,0.9682539701461792,0.0317460335791111,0.0,0.16683919727802277,0.12460343539714813,0.034695208072662354,0.3674544095993042,0.0882936492562294,0.46666669845581055,0.8162602186203003,0.0,0.8759920597076416,0.1240079402923584,0.8653370141983032,0.1117025762796402,1.0,0.07969865947961807,0.09779156744480133,0.6815476417541504,0.0386904776096344,1.0,0.020905567333102226,0.977202832698822,0.034695208072662354,0.04908813163638115,0.003896307898685336,0.05391693115234375,0.06118625029921532,0.6447924375534058,0.02697146311402321,0.16014845669269562,0.5796078443527222
high/view2486.mp4,2,H04,0.449404776096344,0.127976194024086,0.625,0.7558033466339111,0.7708333134651184,0.0997893288731575,0.5849689245223999,0.8612751960754395,0.9077381491661072,0.0922619104385376,0.0,0.16387373208999634,0.11683511734008789,0.035824406892061234,0.3682667315006256,0.1666666865348816,0.44166669249534607,0.7068537473678589,0.0595238134264946,0.7291666269302368,0.2113095223903656,0.8002336621284485,0.23167628049850464,0.9583333730697632,0.1917075663805008,0.2545047402381897,0.5535714626312256,0.136904776096344,1.0,0.05427602678537369,0.9609672427177429,0.035824406892061234,0.08451753109693527,0.003762234468013048,0.04854804649949074,0.06194448471069336,0.7004256248474121,0.015200725756585598,0.0856013372540474,0.5101509094238281
high/view2487.mp4,2,H04,0.7160714864730835,0.06369047611951828,0.8696429133415222,0.7576945424079895,0.764285683631897,0.10478518158197403,0.5723554491996765,0.8727027773857117,0.9750000238418579,0.02500000037252903,0.0,0.17956236004829407,0.1351584494113922,0.034725621342659,0.42836079001426697,0.02500000037252903,0.40000003576278687,0.6777211427688599,0.0,0.6619047522544861,0.31309524178504944,0.7497606873512268,0.28012195229530334,1.0,0.10736395418643951,0.12849348783493042,0.6749999523162842,0.11666667461395264,1.0,0.03361651673913002,0.9187003374099731,0.034725621342659,0.135400652885437,0.0033315815962851048,0.060643430799245834,0.13827583193778992,0.5426802635192871,0.0196967963129282,0.09997144341468811,0.4824877977371216
high/view2488.mp4,2,H04,0.7000000476837158,0.0,0.7291666269302368,0.7705665230751038,0.8125000596046448,0.10303298383951187,0.6335192322731018,0.8972328305244446,1.0,0.0,0.0,0.1885441541671753,0.13993804156780243,0.04125969111919403,0.4136715233325958,0.0625,0.40000003576278687,0.7098380327224731,0.0625,0.7291666269302368,0.2291666567325592,0.7761679887771606,0.19379161298274994,0.9583333730697632,0.04191136732697487,0.03404338285326958,0.8125,0.0,1.0,0.09948490560054779,0.9455089569091797,0.04125969111919403,0.07628713548183441,0.0036746638361364603,0.06063695624470711,0.2332645058631897,0.5003347992897034,0.021437451243400574,0.10436451435089111,0.5316361784934998
high/view2489.mp4,2,H04,0.8196429014205933,0.0,0.6875000596046448,0.7700520753860474,0.8422619104385376,0.09481441974639893,0.5986449122428894,0.8740934133529663,1.0,0.0,0.0,0.1893850564956665,0.14379644393920898,0.03484760969877243,0.3837447464466095,0.0803571417927742,0.42500001192092896,0.6584191918373108,0.1160714253783226,0.6666666865348816,0.1964285969734192,0.7488358020782471,0.29839202761650085,0.8839285969734192,0.11616270244121552,0.2108270823955536,0.7321428656578064,0.1011904776096344,1.0,0.023589788004755974,0.9614875316619873,0.03484760969877243,0.06171979010105133,0.003841416211798787,0.08465102314949036,0.21704423427581787,0.5263468623161316,0.014637411572039127,0.0917593389749527,0.4995466470718384
high/view2490.mp4,2,H04,0.7446429133415222,0.0357142873108387,0.7172619104385376,0.7585015296936035,0.7946428656578064,0.10158129036426544,0.5721649527549744,0.8650504946708679,0.9821428656578064,0.01785714365541935,0.0,0.18272800743579865,0.1380193829536438,0.03120480850338936,0.4095138907432556,0.0386904776096344,0.44166669249534607,0.6807433366775513,0.0595238134264946,0.6785714626312256,0.261904776096344,0.7660581469535828,0.24708576500415802,0.9404761791229248,0.11515193432569504,0.20140236616134644,0.6934523582458496,0.0833333358168602,1.0,0.017181256785988808,0.956224799156189,0.03120480850338936,0.03680473938584328,0.00256802118383348,0.09989289939403534,0.19873946905136108,0.5879208445549011,0.013521915301680565,0.060552146285772324,0.49364173412323
high/view2491.mp4,2,H04,0.7889881134033203,0.01785714365541935,0.5922619104385376,0.7584381103515625,0.8563988208770752,0.09574839472770691,0.5654862523078918,0.8624001741409302,1.0,0.0,0.0,0.18189769983291626,0.13556815683841705,0.03242333605885506,0.34481048583984375,0.107886902987957,0.46666666865348816,0.6415332555770874,0.159226194024086,0.676339328289032,0.1644345372915268,0.7389445900917053,0.2685677111148834,0.9077380895614624,0.03719919174909592,0.04076513275504112,0.7648809552192688,0.0,1.0,0.012431306764483452,0.9708369970321655,0.03242333605885506,0.04967137426137924,0.0025569850113242865,0.0960848331451416,0.20798435807228088,0.5562050342559814,0.01583159901201725,0.07166580855846405,0.4230595529079437
high/view2492.mp4,2,H04,0.7991071939468384,0.0491071417927742,0.7016369700431824,0.7631009221076965,0.8095238208770752,0.0965062826871872,0.5924416780471802,0.8805601596832275,0.9665178656578064,0.0334821417927742,0.0,0.1871475875377655,0.13165909051895142,0.03745938092470169,0.3509872853755951,0.0357142873108387,0.4749999940395355,0.631950855255127,0.0669642835855484,0.5811011791229248,0.2953869104385376,0.6862775683403015,0.2831282615661621,0.9486607313156128,0.06166386604309082,0.07637684792280197,0.773809552192688,0.02083333395421505,1.0,0.02075957879424095,0.9505623579025269,0.03745938092470169,0.08288609236478806,0.004527494311332703,0.0973178893327713,0.1750718057155609,0.5195760130882263,0.031154733151197433,0.08946594595909119,0.46847814321517944
high/view2493.mp4,2,H04,0.7105655074119568,0.1316964328289032,0.6443452835083008,0.7592461705207825,0.8472222089767456,0.09637431800365448,0.5835592746734619,0.877467930316925,0.9174107313156128,0.0647321417927742,0.015625,0.18267612159252167,0.10894419252872467,0.047550879418849945,0.3211752772331238,0.137648805975914,0.5416666865348816,0.702426552772522,0.076884925365448,0.721230149269104,0.2018849402666092,0.8026933670043945,0.24646972119808197,0.923115074634552,0.09396512806415558,0.08200103789567947,0.44841268658638,0.03125,1.0,0.04026293009519577,0.9467563033103943,0.047550879418849945,0.09245450049638748,0.002792683430016041,0.07482481747865677,0.18615791201591492,0.5120951533317566,0.044652391225099564,0.08702253550291061,0.5212869048118591
high/view2494.mp4,2,H04,0.7227182984352112,0.095238097012043,0.7442956566810608,0.7755770087242126,0.9704861044883728,0.06867659091949463,0.6679573655128479,0.8762096166610718,0.9226190447807312,0.0595238097012043,0.015625,0.18300972878932953,0.11147351562976837,0.05035369098186493,0.3424409329891205,0.1202876940369606,0.5083333849906921,0.6746934056282043,0.0590277761220932,0.68129962682724,0.2735615074634552,0.7447420358657837,0.23438401520252228,0.96875,0.15951281785964966,0.1569465547800064,0.47817462682724,0.0815972238779068,1.0,0.018534423783421516,0.9516571760177612,0.05035369098186493,0.13733115792274475,0.0038376636803150177,0.08878250420093536,0.17982517182826996,0.48760393261909485,0.03466232866048813,0.067957304418087,0.49853515625
high/view2495.mp4,2,H04,0.7222222089767456,0.015625,0.6183035969734192,0.6598946452140808,0.7529762387275696,0.07185819745063782,0.5403287410736084,0.7519158124923706,0.875,0.0,0.0,0.16212975978851318,0.12413685023784637,0.03169640526175499,0.30777260661125183,0.1941964477300644,0.4416666626930237,0.6089271306991577,0.0513392835855484,0.5855655074119568,0.2559524178504944,0.6705262064933777,0.216776505112648,0.8236607313156128,0.1332584023475647,0.10293354094028473,0.34657740592956543,0.08750000596046448,0.875,0.009137250483036041,0.8086000680923462,0.03169640526175499,0.1082715392112732,0.0029394172597676516,0.06972897797822952,0.14609448611736298,0.4246513545513153,0.027865005657076836,0.09544924646615982,0.4291872978210449
high/view2496.mp4,2,H04,0.7229167222976685,0.11701388657093048,0.5746527910232544,0.7806823253631592,0.9548611044883728,0.07617568224668503,0.6176440715789795,0.8777635097503662,0.9392361044883728,0.0607638880610466,0.0,0.1794271022081375,0.12653082609176636,0.0381225049495697,0.2982560098171234,0.23055554926395416,0.5666666626930237,0.8059757947921753,0.013888888992369175,0.8690972328186035,0.11701388657093048,0.8394370079040527,0.12799309194087982,1.0,0.2181452214717865,0.20595520734786987,0.40625,0.09375,1.0,0.02947598695755005,0.9440244436264038,0.0381225049495697,0.11363687366247177,0.0023043134715408087,0.0639040470123291,0.2119257152080536,0.507256031036377,0.014996316283941269,0.085976742208004,0.6237741708755493
high/view2497.mp4,2,H04,0.691964328289032,0.0647321417927742,0.5491071939468384,0.788207471370697,0.96875,0.05307919904589653,0.6870376467704773,0.862501859664917,1.0,0.0,0.0,0.18173998594284058,0.13209734857082367,0.036944739520549774,0.3044159710407257,0.209821417927742,0.5166666507720947,0.8179255723953247,0.0,0.9375,0.0625,0.8278118968009949,0.12145355343818665,1.0,0.11337720602750778,0.11140482872724533,0.5089285969734192,0.01785714365541935,1.0,0.075480155646801,0.9649996161460876,0.036944739520549774,0.08275071531534195,0.0032443616073578596,0.04710718244314194,0.1300465315580368,0.5609192252159119,0.03980420157313347,0.13612781465053558,0.6439254283905029
high/view2498.mp4,2,H04,0.7229663133621216,0.0334821417927742,0.7264384627342224,0.8001914620399475,0.9821428656578064,0.06350624561309814,0.6822280287742615,0.8844432830810547,1.0,0.0,0.0,0.18832987546920776,0.13425590097904205,0.040162697434425354,0.3292628824710846,0.0295138880610466,0.5166666507720947,0.7256750464439392,0.0,0.77504962682724,0.2249504029750824,0.7026914358139038,0.18265587091445923,1.0,0.05739638954401016,0.06966299563646317,0.7790178656578064,0.03125,1.0,0.044675227254629135,0.9310551881790161,0.040162697434425354,0.15405762195587158,0.0031123815570026636,0.08707710355520248,0.07846202701330185,0.5823214650154114,0.03161685913801193,0.06335261464118958,0.5020825862884521
high/view2499.mp4,2,H04,0.71254962682724,0.0768849179148674,0.8189483880996704,0.8115568161010742,0.9861111044883728,0.06679865717887878,0.6837576627731323,0.9045131206512451,0.9682539701461792,0.0317460335791111,0.0,0.18793177604675293,0.12641990184783936,0.04068506509065628,0.3357265293598175,0.03125,0.550000011920929,0.7302594184875488,0.0,0.7911706566810608,0.2088293731212616,0.6997504830360413,0.14342080056667328,1.0,0.12112155556678772,0.18065771460533142,0.6817956566810608,0.0416666679084301,1.0,0.02026975154876709,0.9337058067321777,0.04068506509065628,0.1603926420211792,0.0031383365858346224,0.07467921078205109,0.09300938248634338,0.5921831130981445,0.021200500428676605,0.05539686605334282,0.503467321395874
high/view2500.mp4,2,H04,0.7088293433189392,0.0334821417927742,0.891865074634552,0.8050993084907532,0.9352678656578064,0.06977054476737976,0.6658430695533752,0.8937931656837463,0.9665178656578064,0.0334821417927742,0.0,0.18666407465934753,0.12633457779884338,0.03904017060995102,0.3355509340763092,0.0295138880610466,0.5249999761581421,0.7370554208755493,0.0,0.838789701461792,0.1612103134393692,0.7507857084274292,0.14034666121006012,1.0,0.05303695425391197,0.05701959505677223,0.7202381491661072,0.015625,1.0,0.02070574089884758,0.9312269687652588,0.03904017060995102,0.13492433726787567,0.003128000069409609,0.10182083398103714,0.10347010940313339,0.5672906041145325,0.02641884982585907,0.06294727325439453,0.5580102205276489
high/view2501.mp4,2,H04,0.6842758059501648,0.0987103134393692,0.8303571939468384,0.8065527677536011,0.9861111044883728,0.06766314804553986,0.6931056976318359,0.9048207402229309,0.9486607313156128,0.0513392835855484,0.0,0.1823389232158661,0.1195136085152626,0.04417818412184715,0.3766927123069763,0.0491071417927742,0.5083333253860474,0.6979309320449829,0.0,0.7624008655548096,0.2375992238521576,0.7326700091362,0.1948414146900177,1.0,0.053428765386343,0.044724710285663605,0.6614583730697632,0.0,1.0,0.03103918395936489,0.9361231327056885,0.04417818412184715,0.16514797508716583,0.0037459132727235556,0.07931078225374222,0.1491083949804306,0.478462278842926,0.029754718765616417,0.09446995705366135,0.5027847290039062
high/view2502.mp4,2,H04,0.758184552192688,0.1413690447807312,0.742559552192688,0.7917853593826294,0.9665178656578064,0.09004797786474228,0.6135773062705994,0.8933936953544617,0.8586309552192688,0.123511902987957,0.01785714365541935,0.17520245909690857,0.09070216864347458,0.046230994164943695,0.3724185824394226,0.1160714328289032,0.4749999940395355,0.7540199756622314,0.0,0.7834821939468384,0.2008928656578064,0.8072766065597534,0.16531914472579956,1.0,0.20092779397964478,0.2695925831794739,0.523809552192688,0.0892857164144516,1.0,0.019428646191954613,0.9218364357948303,0.046230994164943695,0.163693368434906,0.0030289955902844667,0.06358782947063446,0.1437990516424179,0.5255979895591736,0.017583994194865227,0.08270882070064545,0.5341141819953918
high/view2503.mp4,2,H04,0.6197916865348816,0.0729166641831398,0.4982638955116272,0.7369253635406494,0.8315972089767456,0.07520117610692978,0.5964773297309875,0.8290829062461853,0.9565972089767456,0.0434027761220932,0.0,0.1766909956932068,0.12128832191228867,0.03830496966838837,0.2797943353652954,0.1822916716337204,0.550000011920929,0.8314276337623596,0.015625,0.9548611044883728,0.0295138880610466,0.853013277053833,0.09946420043706894,1.0,0.11352945119142532,0.11801789700984955,0.53125,0.03125,1.0,0.032043393701314926,0.9320737719535828,0.03830496966838837,0.10528682917356491,0.003588686930015683,0.05315699428319931,0.20380491018295288,0.4934672713279724,0.014083190821111202,0.12661212682724,0.6576048135757446
high/view2504.mp4,2,H04,0.6128472685813904,0.1076388880610466,0.4930555522441864,0.7196956872940063,0.8315972089767456,0.07578481733798981,0.5645774602890015,0.8219637870788574,0.96875,0.03125,0.0,0.16664695739746094,0.12762412428855896,0.028848158195614815,0.24354878067970276,0.1927083283662796,0.5583333373069763,0.8165515661239624,0.0,0.9236111044883728,0.0763888880610466,0.8269651532173157,0.13298676908016205,1.0,0.07678113132715225,0.06047448888421059,0.609375,0.015625,1.0,0.055009905248880386,0.9654126763343811,0.028848158195614815,0.08862797915935516,0.002700632903724909,0.06078921630978584,0.25608953833580017,0.45455411076545715,0.014606503769755363,0.12263201922178268,0.6479297280311584
high/view2505.mp4,2,H04,0.3623512089252472,0.1750992238521576,0.4878472089767456,0.7154259085655212,0.8484622836112976,0.07373767346143723,0.5737136602401733,0.8173872232437134,0.9704861044883728,0.0295138880610466,0.0,0.15779513120651245,0.12370294332504272,0.030678849667310715,0.2565403878688812,0.3266369104385376,0.5333333611488342,0.8026688694953918,0.0,0.954365074634552,0.0317460335791111,0.8079926371574402,0.15597090125083923,1.0,0.07777296006679535,0.08849594742059708,0.723214328289032,0.01785714365541935,1.0,0.0477113276720047,0.9477875232696533,0.030678849667310715,0.06652478128671646,0.0028185290284454823,0.09280245006084442,0.11704306304454803,0.5705603361129761,0.027077363803982735,0.12317347526550293,0.6029713153839111
high/view2506.mp4,2,H04,0.42673611640930176,0.18888889253139496,0.5555555820465088,0.7389213442802429,0.8989583253860474,0.06583920866250992,0.6246815919876099,0.8438163995742798,0.8673611283302307,0.13263888657093048,0.0,0.15130695700645447,0.1042289063334465,0.030182793736457825,0.25372377038002014,0.3430555760860443,0.5666666626930237,0.787172794342041,0.0,0.8815972208976746,0.11840277910232544,0.826382040977478,0.1524193286895752,1.0,0.10080718994140625,0.10444021970033646,0.609375,0.0625,1.0,0.15547974407672882,0.9713217616081238,0.030182793736457825,0.06997094303369522,0.003140353597700596,0.07316195964813232,0.25936776399612427,0.4919952154159546,0.011857707984745502,0.09050606191158295,0.538340151309967
high/view2507.mp4,2,H04,0.6024305820465088,0.015625,0.6024305820465088,0.7642320394515991,0.9131944179534912,0.068656787276268,0.6412662863731384,0.8629524111747742,1.0,0.0,0.0,0.1709355264902115,0.13742376863956451,0.028032708913087845,0.2661847174167633,0.236111119389534,0.5666666626930237,0.8471344709396362,0.0,1.0,0.0,0.8355668783187866,0.09243477880954742,1.0,0.13732661306858063,0.14152540266513824,0.5815972089767456,0.0572916679084301,1.0,0.2162037044763565,0.9805153608322144,0.028032708913087845,0.11411381512880325,0.0038188209291547537,0.06412491947412491,0.1910662055015564,0.47218751907348633,0.01591373421251774,0.13877496123313904,0.683048665523529
high/view2508.mp4,2,H04,0.5089285373687744,0.1584821492433548,0.4871031939983368,0.7310260534286499,0.853670597076416,0.06892384588718414,0.609977126121521,0.8417547345161438,0.9166666269302368,0.0694444477558136,0.013888888992369175,0.1610443890094757,0.10974928736686707,0.039664000272750854,0.30174222588539124,0.2127976268529892,0.5583333373069763,0.8030124306678772,0.0,0.8576388359069824,0.1423611044883728,0.8555935025215149,0.17777970433235168,1.0,0.28349924087524414,0.2927757501602173,0.4975198805332184,0.15625,1.0,0.03671085089445114,0.9763799905776978,0.039664000272750854,0.06602178514003754,0.002491541439667344,0.06737802177667618,0.14881320297718048,0.5692356824874878,0.024317273870110512,0.12174253165721893,0.5810528993606567
high/view2509.mp4,2,H04,0.4704861044883728,0.3951388895511627,0.33571431040763855,0.6302186846733093,0.6130952835083008,0.16247868537902832,0.28449153900146484,0.7981398105621338,0.6986111402511597,0.3013888895511627,0.0,0.14570492506027222,0.09384932368993759,0.03558872640132904,0.29136714339256287,0.26502975821495056,0.5833333730697632,0.7451860904693604,0.05813492089509964,0.7420635223388672,0.230158731341362,0.8475489616394043,0.258918821811676,0.941865086555481,0.07600194215774536,0.05818291753530502,0.6302083730697632,0.013888888992369175,1.0,0.026369407773017883,0.9490227699279785,0.03558872640132904,0.046472955495119095,0.00460750050842762,0.13040056824684143,0.1479596346616745,0.5500629544258118,0.060707613825798035,0.059788692742586136,0.5281094908714294
high/view2510.mp4,2,H04,0.4685019850730896,0.2437996119260788,0.3385416567325592,0.6418026089668274,0.4657737910747528,0.11238719522953033,0.487863153219223,0.8058030009269714,0.7718254327774048,0.2281746119260788,0.0,0.15284961462020874,0.1082831546664238,0.030117366462945938,0.32464709877967834,0.2420634925365448,0.5166666507720947,0.7421707510948181,0.0,0.6770833134651184,0.3229166567325592,0.8732590675354004,0.37239620089530945,1.0,0.2763705849647522,0.3050791621208191,0.4747023582458496,0.1294642835855484,1.0,0.038713809102773666,0.9756304621696472,0.030117366462945938,0.061598360538482666,0.002550365636125207,0.10515610128641129,0.049795135855674744,0.7076196670532227,0.009379828348755836,0.06390051543712616,0.5213155150413513
high/view2511.mp4,2,H04,0.5190972089767456,0.2549603283405304,0.290922611951828,0.6118939518928528,0.4007936716079712,0.14218156039714813,0.4002586007118225,0.8063368797302246,0.823164701461792,0.1768353283405304,0.0,0.15557128190994263,0.10673841089010239,0.02992749772965908,0.3178965151309967,0.2140377014875412,0.5416666865348816,0.7548078298568726,0.02777777798473835,0.752480149269104,0.247519850730896,0.8668005466461182,0.2770826816558838,0.9722222089767456,0.06344560533761978,0.046562377363443375,0.6629464626312256,0.0,1.0,0.021666042506694794,0.9409161806106567,0.02992749772965908,0.06303296238183975,0.004139518365263939,0.10986871272325516,0.16781410574913025,0.5859916806221008,0.01622481644153595,0.05292816832661629,0.5110825300216675
high/view2512.mp4,2,H04,0.5701885223388672,0.14875993132591248,0.3410714268684387,0.6334646344184875,0.48551589250564575,0.13847938179969788,0.3996584415435791,0.8147549629211426,0.9057539701461792,0.0942460298538208,0.0,0.15891848504543304,0.11157528311014175,0.02705424278974533,0.2698909044265747,0.1949404776096344,0.5666666626930237,0.7879987359046936,0.0434027761220932,0.8476190567016602,0.15238095819950104,0.8671270608901978,0.19467271864414215,0.9861111044883728,0.07475904375314713,0.054526325315237045,0.6366567611694336,0.0,1.0,0.031002938747406006,0.954304575920105,0.02705424278974533,0.06780704855918884,0.0028887861408293247,0.09295743703842163,0.1801823079586029,0.5482876896858215,0.016675353050231934,0.09120135754346848,0.5417178869247437
high/view2513.mp4,2,H04,0.5543380379676819,0.17476099729537964,0.39887717366218567,0.6699995994567871,0.5775613188743591,0.0854853093624115,0.5392887592315674,0.797135591506958,0.941265344619751,0.05873466655611992,0.0,0.16005375981330872,0.12117211520671844,0.027419187128543854,0.2823466658592224,0.23552489280700684,0.5833333730697632,0.7813490033149719,0.0,0.8309434056282043,0.16905665397644043,0.8481534123420715,0.19213390350341797,1.0,0.15144897997379303,0.19717127084732056,0.561259925365448,0.0434027761220932,1.0,0.0897177904844284,0.9732654690742493,0.027419187128543854,0.09889864921569824,0.003951035439968109,0.0818488821387291,0.14650428295135498,0.5642479658126831,0.017360828816890717,0.08718837052583694,0.5697486996650696
high/view2514.mp4,2,H04,0.6442550420761108,0.13573232293128967,0.7601010799407959,0.7569464445114136,0.9114583730697632,0.0605040118098259,0.6722031235694885,0.8564536571502686,0.9207702279090881,0.07922980189323425,0.0,0.17077142000198364,0.12439005076885223,0.03224414587020874,0.3121471405029297,0.09738004952669144,0.6000000238418579,0.7847021818161011,0.0,0.8503788113594055,0.14962121844291687,0.8171347379684448,0.1114841103553772,1.0,0.1469314992427826,0.17696212232112885,0.5326704382896423,0.08522727340459824,1.0,0.05260707810521126,0.9818032383918762,0.03224414587020874,0.11472300440073013,0.00337600358761847,0.08069378137588501,0.13324540853500366,0.5819088816642761,0.014582495205104351,0.0714704692363739,0.6277323961257935
high/view2515.mp4,2,H04,0.6022509336471558,0.06948329508304596,0.7069613933563232,0.7715146541595459,0.9469818472862244,0.06794071942567825,0.6117430925369263,0.8440955877304077,0.9305167198181152,0.06948329508304596,0.0,0.16913650929927826,0.12408631294965744,0.02967504784464836,0.3446926474571228,0.10892094671726227,0.6583333611488342,0.7802131772041321,0.015625,0.7656419277191162,0.218733012676239,0.8520652651786804,0.16201701760292053,1.0,0.10108518600463867,0.15384593605995178,0.6777778267860413,0.0434027761220932,1.0,0.08003365993499756,0.9542222619056702,0.02967504784464836,0.09109707921743393,0.00396618852391839,0.057734329253435135,0.08152145147323608,0.6375221610069275,0.0179380401968956,0.11022073030471802,0.6658153533935547
high/view2516.mp4,2,H04,0.499706894159317,0.32397639751434326,0.48895201086997986,0.7274611592292786,0.7690296769142151,0.08444216847419739,0.5572683811187744,0.8262060880661011,0.7334731817245483,0.26652687788009644,0.0,0.15534169971942902,0.08957123011350632,0.04353368282318115,0.26762744784355164,0.15789593756198883,0.5583333373069763,0.8025221228599548,0.0,0.7941243052482605,0.2058757245540619,0.8836528062820435,0.20207171142101288,1.0,0.2300405204296112,0.31146544218063354,0.5033008456230164,0.13250361382961273,1.0,0.019634105265140533,0.9924538135528564,0.04353368282318115,0.10640263557434082,0.004047333262860775,0.06220666319131851,0.08741164207458496,0.5820696353912354,0.05547838285565376,0.10238371789455414,0.6147860288619995
high/view2517.mp4,2,H04,0.5848214030265808,0.2842262089252472,0.4940476417541504,0.704505980014801,0.65327388048172,0.0664682388305664,0.6055519580841064,0.7917910814285278,0.8839285969734192,0.1160714402794838,0.0,0.1701851189136505,0.10934431105852127,0.03996187075972557,0.29955077171325684,0.1755952537059784,0.40833336114883423,0.8026865124702454,0.0,0.8318452835083008,0.168154776096344,0.8706393241882324,0.1265912801027298,1.0,0.3524056077003479,0.3691142797470093,0.4345238208770752,0.3098214268684387,1.0,0.032506391406059265,0.9877804517745972,0.03996187075972557,0.13144052028656006,0.006702929735183716,0.08964787423610687,0.10730452835559845,0.5283146500587463,0.04814872145652771,0.08844077587127686,0.4653175175189972
high/view2518.mp4,2,H04,0.4446428716182709,0.41726189851760864,0.5061011910438538,0.6819957494735718,0.7849702835083008,0.09581654518842697,0.4874536991119385,0.7795360088348389,0.6943452954292297,0.28779762983322144,0.01785714365541935,0.14886672794818878,0.09386064112186432,0.04387112334370613,0.3187502324581146,0.22366072237491608,0.4583333432674408,0.7684263586997986,0.0357142873108387,0.8001488447189331,0.16413691639900208,0.8340960741043091,0.15871120989322662,0.9642857313156128,0.22639799118041992,0.2511226236820221,0.37440478801727295,0.1428571492433548,1.0,0.02121879905462265,0.9590399861335754,0.04387112334370613,0.12036143243312836,0.00825128797441721,0.0727640837430954,0.05776108056306839,0.674410343170166,0.010003442876040936,0.05644833296537399,0.4366830587387085
high/view2519.mp4,2,H04,0.29821428656578064,0.47460320591926575,0.5353174805641174,0.7343916296958923,0.8946428298950195,0.06815021485090256,0.6243200302124023,0.8306043148040771,0.5948412418365479,0.40515878796577454,0.0,0.13895225524902344,0.08783985674381256,0.04049894958734512,0.296394407749176,0.18988095223903656,0.40833336114883423,0.7560676336288452,0.013888888992369175,0.7890872955322266,0.19702383875846863,0.8317173719406128,0.14389243721961975,1.0,0.16187599301338196,0.13692863285541534,0.3482142984867096,0.09285714477300644,1.0,0.027584310621023178,0.9845722317695618,0.04049894958734512,0.1331229954957962,0.0023258335422724485,0.08651964366436005,0.1371137648820877,0.5459181666374207,0.018476242199540138,0.07652336359024048,0.4028165340423584
high/view2520.mp4,2,H04,0.3430059254169464,0.4508928656578064,0.2755456268787384,0.6522426009178162,0.5726686120033264,0.12911051511764526,0.42295196652412415,0.8223785758018494,0.6264880895614624,0.3348214626312256,0.0334821417927742,0.14227072894573212,0.06591219455003738,0.05317682400345802,0.15645065903663635,0.2733134925365448,0.5166666507720947,0.7331427335739136,0.1455853283405304,0.8053075671195984,0.0629960298538208,0.8400518894195557,0.21079298853874207,0.870039701461792,0.1751946210861206,0.17795871198177338,0.4776785671710968,0.0825892835855484,1.0,0.16618894040584564,0.9433387517929077,0.05317682400345802,0.049638960510492325,0.0029395446181297302,0.06325755268335342,0.21381811797618866,0.5537397861480713,0.032383259385824203,0.08422278612852097,0.38829317688941956
high/view2522.mp4,2,H04,0.2676091194152832,0.6197916865348816,0.4858630895614624,0.6432763338088989,0.4967758059501648,0.11783631145954132,0.4954647123813629,0.8225650787353516,0.415922611951828,0.3020833432674408,0.2819940447807312,0.10229690372943878,0.018559284508228302,0.0548306368291378,0.19081872701644897,0.398065447807312,0.5,0.6589932441711426,0.0,0.610615074634552,0.389384925365448,0.660350501537323,0.267808198928833,1.0,0.21047626435756683,0.24398110806941986,0.4122024178504944,0.0922619104385376,1.0,0.04706459864974022,0.981066882610321,0.0548306368291378,0.10255873948335648,0.005184216424822807,0.07637709379196167,0.04780609905719757,0.6835439801216125,0.010311034508049488,0.07421881705522537,0.287667840719223
high/view2523.mp4,2,H04,0.11875000596046448,0.7847222089767456,0.609375,0.6328150629997253,0.465277761220932,0.1284193992614746,0.5,0.8270825147628784,0.24166667461395264,0.3965277671813965,0.3618055582046509,0.08610684424638748,0.014822572469711304,0.04641402140259743,0.2836731970310211,0.253472238779068,0.5916666984558105,0.6992502212524414,0.0,0.6760416626930237,0.3239583373069763,0.7355203032493591,0.19254851341247559,1.0,0.097121462225914,0.1336093544960022,0.6031249761581421,0.02638888917863369,1.0,0.06488418579101562,0.9846346378326416,0.04641402140259743,0.03169820457696915,0.003698244458064437,0.10685916244983673,0.06591235101222992,0.6649455428123474,0.012453784234821796,0.11443269997835159,0.2485680878162384
high/view2524.mp4,2,H04,0.012500000186264515,0.9361111521720886,0.4847222566604614,0.652568519115448,0.444444477558136,0.152616947889328,0.4943585991859436,0.9053487181663513,0.11666667461395264,0.44861114025115967,0.43472224473953247,0.059831876307725906,-0.0391060896217823,0.05078984051942825,0.3081439137458801,0.18472222983837128,0.6333333253860474,0.7508634328842163,0.0,0.7541666626930237,0.24583332240581512,0.7782437801361084,0.12132123857736588,1.0,0.15515375137329102,0.2543456256389618,0.6972222328186035,0.0833333358168602,0.75,0.2165585607290268,0.9659720063209534,0.05078984051942825,0.10671280324459076,0.004394812975078821,0.110841765999794,0.07100095599889755,0.6468411087989807,0.01431356742978096,0.04589497670531273,0.1795816868543625
high/view2525.mp4,2,H04,0.0,0.8972222208976746,0.5251262187957764,0.6686602234840393,0.526262640953064,0.15361638367176056,0.5,0.8882545232772827,0.2030303180217743,0.38459599018096924,0.41237378120422363,0.06998882442712784,-0.03847110643982887,0.04994801804423332,0.3280920386314392,0.12411617487668991,0.6666666269302368,0.7096841335296631,0.0,0.6253787279129028,0.3746212124824524,0.7467213869094849,0.17241302132606506,1.0,0.04115286469459534,0.057467926293611526,0.7986111044883728,0.02500000037252903,1.0,0.2872293293476105,0.9673374891281128,0.04994801804423332,0.05615595355629921,0.0023486933205276728,0.054264284670352936,0.04917079955339432,0.6570619344711304,0.014226172119379044,0.04177223891019821,0.09719526767730713
high/view2526.mp4,2,H04,0.20555557310581207,0.6986110806465149,0.7124999761581421,0.6808050870895386,0.5888888835906982,0.15455369651317596,0.5,0.8724111914634705,0.3430555462837219,0.2736111283302307,0.38333332538604736,0.08833926916122437,-0.02285701408982277,0.061130739748477936,0.351898193359375,0.13611111044883728,0.6083332896232605,0.6553029417991638,0.0,0.506944477558136,0.4930555820465088,0.6440250873565674,0.1778092086315155,1.0,0.04034140706062317,0.03983141854405403,0.7638888955116272,0.0,1.0,0.059551432728767395,0.9806210398674011,0.061130739748477936,0.07975398004055023,0.004783405922353268,0.10607399046421051,0.13412083685398102,0.5824411511421204,0.04215605556964874,0.05067062750458717,0.13761182129383087
high/view2527.mp4,2,H04,0.194444477558136,0.680555522441864,0.7222222089767456,0.6901203393936157,0.6111111640930176,0.14182084798812866,0.5,0.8629752397537231,0.3472222089767456,0.3333333730697632,0.3194444477558136,0.09061215817928314,-0.01314384862780571,0.056145478039979935,0.38109368085861206,0.1666666716337204,0.5999999642372131,0.6394253969192505,0.0,0.4444444477558136,0.5555555820465088,0.625464916229248,0.23746277391910553,1.0,0.03553635999560356,0.039428744465112686,0.7777777314186096,0.0,1.0,0.03787626326084137,0.9762526154518127,0.056145478039979935,0.15410925447940826,0.005851914640516043,0.13697291910648346,0.18871787190437317,0.41628867387771606,0.04059768095612526,0.05746167525649071,0.1368233561515808
high/view2528.mp4,2,H04,0.17500001192092896,0.6763888597488403,0.6638888716697693,0.6553183794021606,0.5277777910232544,0.13506169617176056,0.5,0.8412123322486877,0.4472222328186035,0.1763889044523239,0.37638890743255615,0.08765359967947006,-0.023016706109046936,0.06514445692300797,0.4467637240886688,0.17777778208255768,0.6166666150093079,0.6051810383796692,0.0,0.48472222685813904,0.5152778029441833,0.6226609349250793,0.2613007128238678,1.0,0.030539168044924736,0.029796384274959564,0.8333333134651184,0.0,1.0,0.047354526817798615,0.977097749710083,0.06514445692300797,0.07957462966442108,0.00449700653553009,0.22716696560382843,0.13364596664905548,0.36541858315467834,0.031446345150470734,0.03325055167078972,0.07261254638433456
high/view2529.mp4,2,H04,0.12222222238779068,0.7527777552604675,0.6972221732139587,0.6643276214599609,0.5347222089767456,0.14056624472141266,0.4896240830421448,0.8651357889175415,0.3444444537162781,0.3680555820465088,0.2874999940395355,0.09383587539196014,0.009072565473616123,0.052041929215192795,0.43925994634628296,0.16388890147209167,0.6083332896232605,0.6053592562675476,0.0,0.4000000059604645,0.5999999642372131,0.5934401750564575,0.25388145446777344,1.0,0.06330695003271103,0.06736520677804947,0.6666666865348816,0.02777777798473835,1.0,0.04315073788166046,0.9738980531692505,0.052041929215192795,0.07632811367511749,0.005387837067246437,0.2026013731956482,0.14310644567012787,0.4853582978248596,0.03376196697354317,0.05345596373081207,0.09050743281841278
high/view2530.mp4,2,H04,0.13958333432674408,0.8059027194976807,0.6538194417953491,0.6205617189407349,0.48923608660697937,0.1622021198272705,0.3772296607494354,0.8609519004821777,0.234375,0.3201388716697693,0.4454860985279083,0.0796331837773323,-0.010576274245977402,0.05317170172929764,0.4560226500034332,0.16597223281860352,0.6000000238418579,0.6271675229072571,0.013888888992369175,0.5,0.47361111640930176,0.6266268491744995,0.2405439019203186,1.0,0.04348878562450409,0.04007608816027641,0.7708333134651184,0.0,1.0,0.10800377279520035,0.8925924301147461,0.05317170172929764,0.016100673004984856,0.00199330085888505,0.08499012142419815,0.05705048516392708,0.6574086546897888,0.015490389429032803,0.04196635261178017,0.09147734194993973
high/view2531.mp4,2,H04,0.13750000298023224,0.8048610687255859,0.6104166507720947,0.6240724325180054,0.45104166865348816,0.13789913058280945,0.465553343296051,0.8390606641769409,0.19513888657093048,0.37638890743255615,0.42326387763023376,0.08005265146493912,-0.0014735721051692963,0.054436687380075455,0.40710312128067017,0.19201387465000153,0.5583333969116211,0.6629616618156433,0.013888888992369175,0.6809027194976807,0.31909722089767456,0.65746009349823,0.2208508849143982,0.9861111044883728,0.06501999497413635,0.09305138140916824,0.7326388955116272,0.015625,1.0,0.03144887834787369,0.9431493878364563,0.054436687380075455,0.015818661078810692,0.002035990357398987,0.05463134124875069,0.04262994974851608,0.8222756385803223,0.010558049194514751,0.05205041542649269,0.10508677363395691
high/view2532.mp4,2,H04,0.22564484179019928,0.7118551731109619,0.6323908567428589,0.6525305509567261,0.5214285850524902,0.12391477078199387,0.5,0.8400723934173584,0.3372519910335541,0.3973214328289032,0.2654265761375427,0.10272820293903351,0.036450330168008804,0.049956049770116806,0.2978747487068176,0.24841271340847015,0.5583333373069763,0.6440122723579407,0.0334821417927742,0.5861607193946838,0.41383931040763855,0.7037473917007446,0.3737938106060028,1.0,0.06270235776901245,0.06945204734802246,0.7016369104385376,0.015625,1.0,0.01662236452102661,0.9847569465637207,0.049956049770116806,0.05703294277191162,0.004301284905523062,0.0978836864233017,0.0530717633664608,0.712295651435852,0.02515447698533535,0.05026017129421234,0.20522361993789673
low/view1015.mp4,0,L04,0.2284226268529892,0.5111607313156128,0.351934552192688,0.6938053965568542,0.6651785969734192,0.12894928455352783,0.4605221450328827,0.865856945514679,0.542410671710968,0.3348214328289032,0.1227678507566452,0.12201270461082458,0.04978812113404274,0.047919437289237976,0.3570351302623749,0.203125,0.4750000238418579,0.789683997631073,0.0,0.789434552192688,0.2105654627084732,0.8576484322547913,0.18589627742767334,1.0,0.07367000728845596,0.05739184468984604,0.5595238208770752,0.0,1.0,0.07430456578731537,0.9910629391670227,0.047919437289237976,0.056815989315509796,0.004162221681326628,0.07809844613075256,0.10354597866535187,0.5822867155075073,0.03006235882639885,0.14502829313278198,0.46425074338912964
low/view1016.mp4,0,L04,0.269345223903656,0.4977678656578064,0.445932537317276,0.6857569813728333,0.6071428656578064,0.12470170855522156,0.4596853256225586,0.8766162395477295,0.5334821343421936,0.3943452537059784,0.0664682537317276,0.12390445172786713,0.052250709384679794,0.04056480899453163,0.3435916602611542,0.3464781939983368,0.5249999761581421,0.7345616817474365,0.0416666679084301,0.752480149269104,0.2197420746088028,0.7832733392715454,0.26296722888946533,0.9583333730697632,0.17061090469360352,0.17724989354610443,0.3995535671710968,0.0751488134264946,1.0,0.1616443693637848,0.9555330276489258,0.04056480899453163,0.06327786296606064,0.004595375619828701,0.08475758880376816,0.14652672410011292,0.5752231478691101,0.024284018203616142,0.1013353168964386,0.3542384207248688
low/view1017.mp4,0,L04,0.44999998807907104,0.20729166269302368,0.5904761552810669,0.7103028893470764,0.6782738566398621,0.12737490236759186,0.47655028104782104,0.8856022953987122,0.8773810267448425,0.10476191341876984,0.015625,0.15412436425685883,0.10030832886695862,0.03429903835058212,0.4454559087753296,0.18288689851760864,0.5083333849906921,0.6958332657814026,0.03125,0.7169643044471741,0.2517857253551483,0.7422910928726196,0.26268619298934937,0.96875,0.2044818103313446,0.2708049714565277,0.5654761791229248,0.0982142835855484,1.0,0.09412164986133575,0.927707850933075,0.03429903835058212,0.08821456134319305,0.011865907348692417,0.1943090558052063,0.05698801577091217,0.4953242838382721,0.04033729434013367,0.11296091228723526,0.2358168363571167
low/view1018.mp4,0,L04,0.4771825671195984,0.2661210298538208,0.5939980149269104,0.7048414349555969,0.6413690447807312,0.12236990034580231,0.5294018983840942,0.9286532402038574,0.8263888359069824,0.0989583283662796,0.0746527761220932,0.14726518094539642,0.06015388295054436,0.043840255588293076,0.35361599922180176,0.2209821343421936,0.5583333373069763,0.7256904244422913,0.0,0.729910671710968,0.2700892984867096,0.7739101648330688,0.30345839262008667,1.0,0.27592429518699646,0.4012722969055176,0.5577877163887024,0.112103171646595,1.0,0.06330618262290955,0.9635915756225586,0.043840255588293076,0.05031684786081314,0.008386972360312939,0.10074169933795929,0.07133828103542328,0.6611452698707581,0.02215615101158619,0.08591479808092117,0.3706180453300476
low/view1019.mp4,0,L04,0.4325892925262451,0.44503968954086304,0.5086805820465088,0.6949018836021423,0.6781250238418579,0.1268477737903595,0.4796127676963806,0.9250169992446899,0.6321924924850464,0.26502978801727295,0.10104166716337204,0.13682375848293304,0.03187776356935501,0.052067846059799194,0.28632333874702454,0.3065972328186035,0.5750000476837158,0.7149321436882019,0.0295138880610466,0.6829861402511597,0.2875000238418579,0.8021169900894165,0.3477073311805725,0.9704861044883728,0.18446576595306396,0.2104259580373764,0.4511408805847168,0.0595238134264946,1.0,0.055058158934116364,0.9687535166740417,0.052067846059799194,0.04902186989784241,0.005495206918567419,0.09092649072408676,0.04991689696907997,0.6654424071311951,0.030031904578208923,0.10916515439748764,0.34158170223236084
low/view1020.mp4,0,L04,0.2790178656578064,0.4367559552192688,0.5853174924850464,0.6540887951850891,0.5761408805847168,0.1779734045267105,0.31806743144989014,0.9164637327194214,0.7083333730697632,0.2425595223903656,0.0434027761220932,0.1337369829416275,0.06631609797477722,0.0382922999560833,0.3213467597961426,0.353422611951828,0.5333333015441895,0.631566047668457,0.106398805975914,0.6321924924850464,0.2909226417541504,0.6721065640449524,0.3113320767879486,0.8936011791229248,0.26178497076034546,0.24812765419483185,0.3058035671710968,0.1822916716337204,1.0,0.05044817924499512,0.92181396484375,0.0382922999560833,0.08413200080394745,0.0030495282262563705,0.10874246060848236,0.04611118137836456,0.6101729869842529,0.015918487682938576,0.13187339901924133,0.24535100162029266
low/view1021.mp4,0,L04,0.29107144474983215,0.45178571343421936,0.68452388048172,0.6832221150398254,0.5982142686843872,0.2089751660823822,0.30475035309791565,0.9320756196975708,0.6476190686225891,0.2601190507411957,0.0892857164144516,0.12590652704238892,0.010778085328638554,0.05853501707315445,0.3575204908847809,0.2916666865348816,0.45000001788139343,0.64670729637146,0.095238097012043,0.6130952835083008,0.3273809850215912,0.7172167301177979,0.35986289381980896,0.925595223903656,0.16762188076972961,0.22911138832569122,0.4732142984867096,0.0744047611951828,1.0,0.1790207475423813,0.8210825324058533,0.05853501707315445,0.061876654624938965,0.004787874408066273,0.06947745382785797,0.04991399869322777,0.7021188139915466,0.011808563955128193,0.10001665353775024,0.2811771035194397
low/view1022.mp4,0,L04,0.15625,0.7053571939468384,0.46071428060531616,0.6805484294891357,0.48303571343421936,0.18510617315769196,0.42395901679992676,0.9775214195251465,0.3940476179122925,0.38898810744285583,0.21026785671710968,0.09919469058513641,0.025188691914081573,0.04759117588400841,0.3088476359844208,0.36741071939468384,0.46666666865348816,0.7245120406150818,0.0334821417927742,0.693303644657135,0.28883928060531616,0.8487556576728821,0.36351150274276733,0.9665178656578064,0.36322760581970215,0.4422733187675476,0.3500000238418579,0.25238096714019775,1.0,0.07763867825269699,0.9368640184402466,0.04759117588400841,0.05505622550845146,0.0055723064579069614,0.08329527080059052,0.12825758755207062,0.5902162194252014,0.02410854399204254,0.1134939193725586,0.23868216574192047
low/view1023.mp4,0,L04,0.1741071492433548,0.6205357313156128,0.3045635223388672,0.5599091053009033,0.4027777910232544,0.22711780667304993,0.2235388457775116,0.8531689047813416,0.4315476417541504,0.5476190447807312,0.01785714365541935,0.11977759003639221,0.08211532235145569,0.03183417767286301,0.2978721261024475,0.3077380955219269,0.4166666865348816,0.5591570734977722,0.25357145071029663,0.45972222089767456,0.2867063581943512,0.6370261907577515,0.47009721398353577,0.742460310459137,0.43320801854133606,0.4749909043312073,0.36666667461395264,0.2770833671092987,0.25,0.014706780202686787,0.89849454164505,0.03183417767286301,0.04290176182985306,0.003347893711179495,0.15936480462551117,0.01853925548493862,0.5192630887031555,0.030327031388878822,0.10125620663166046,0.15737296640872955
low/view1024.mp4,0,L04,0.27738094329833984,0.531845211982727,0.3586805760860443,0.49660810828208923,0.25138890743255615,0.1849287897348404,0.21644893288612366,0.7489293813705444,0.4931547939777374,0.3470238447189331,0.12812499701976776,0.1058262437582016,-0.0014629531651735306,0.06907053291797638,0.3485431671142578,0.36215275526046753,0.42500004172325134,0.5192416310310364,0.2854166626930237,0.4270833432674408,0.3430555760860443,0.47758597135543823,0.43610650300979614,0.758680522441864,0.2510470747947693,0.2720784544944763,0.3760416507720947,0.17083333432674408,0.0,0.0,0.890679657459259,0.06907053291797638,0.030496643856167793,0.002466378966346383,0.05853886157274246,0.18876762688159943,0.48258692026138306,0.008362828753888607,0.10378070920705795,0.13291510939598083
low/view1025.mp4,0,L04,0.18333333730697632,0.7145832777023315,0.24494047462940216,0.4992872178554535,0.23154760897159576,0.18698304891586304,0.23799219727516174,0.7914201617240906,0.31041666865348816,0.4854167103767395,0.15744046866893768,0.0888129398226738,0.01010061614215374,0.05247559770941734,0.27373939752578735,0.2376488298177719,0.42499998211860657,0.6422296762466431,0.19092261791229248,0.6266368627548218,0.21369047462940216,0.7445375323295593,0.4156126081943512,0.8090774416923523,0.19633643329143524,0.22361226379871368,0.47440481185913086,0.14925596117973328,0.375,0.08235583454370499,0.8367446064949036,0.05247559770941734,0.039676785469055176,0.00240622041746974,0.04918047413229942,0.10523297637701035,0.6361526250839233,0.00823020190000534,0.15912072360515594,0.19965749979019165
low/view1026.mp4,0,L04,0.1232638880610466,0.7946428656578064,0.2881944477558136,0.538483202457428,0.2274305671453476,0.16775164008140564,0.3282049894332886,0.8511353731155396,0.2232142835855484,0.4875992238521576,0.2760416865348816,0.0828683078289032,-0.002542773261666298,0.057492271065711975,0.29617637395858765,0.2725694477558136,0.574999988079071,0.7161325812339783,0.0607638880610466,0.7222222089767456,0.2170138955116272,0.8145973086357117,0.31094077229499817,0.9392361044883728,0.258843332529068,0.4018690884113312,0.5701885223388672,0.15153768658638,1.0,0.201209157705307,0.93519526720047,0.057492271065711975,0.028310054913163185,0.0035432716831564903,0.050858814269304276,0.04615465924143791,0.7557573318481445,0.007597568444907665,0.10777830332517624,0.2815585732460022
low/view1027.mp4,0,L04,0.2554563581943512,0.6829364895820618,0.36001983284950256,0.6201891899108887,0.4367063641548157,0.1397220939397812,0.4415171146392822,0.8408410549163818,0.3527778089046478,0.4193452298641205,0.22341269254684448,0.10039801895618439,-0.006103287450969219,0.061033569276332855,0.29833975434303284,0.2862599194049835,0.550000011920929,0.7477994561195374,0.03125,0.7257440090179443,0.2742559611797333,0.8393527269363403,0.26291635632514954,0.984375,0.28213849663734436,0.3199339807033539,0.4702380895614624,0.1681547611951828,1.0,0.04426886886358261,0.9377651214599609,0.061033569276332855,0.02994624711573124,0.0018033337546512485,0.08725927025079727,0.04297710582613945,0.7511740922927856,0.007893189787864685,0.07894686609506607,0.31701117753982544
low/view1028.mp4,0,L04,0.2693452537059784,0.5104166865348816,0.2782738208770752,0.6663283705711365,0.4992559850215912,0.13395890593528748,0.4838576316833496,0.8720839619636536,0.546875,0.390625,0.0625,0.12676562368869781,0.062431901693344116,0.043270550668239594,0.3019285202026367,0.3013392984867096,0.49166667461395264,0.8411001563072205,0.015625,0.9196428656578064,0.0647321417927742,0.8897298574447632,0.08720644563436508,0.984375,0.2531813979148865,0.25105947256088257,0.35997024178504944,0.1458333432674408,1.0,0.021614138036966324,0.9291869401931763,0.043270550668239594,0.08598697930574417,0.0027080264408141375,0.08183300495147705,0.07323522120714188,0.7026970982551575,0.008858535438776016,0.04468110576272011,0.40199974179267883
low/view1029.mp4,0,L04,0.23407737910747528,0.42500001192092896,0.3214285671710968,0.6686691045761108,0.461309552192688,0.14011861383914948,0.48853978514671326,0.887126088142395,0.6471725702285767,0.3122023642063141,0.0364583358168602,0.1347421109676361,0.07032462954521179,0.04429685324430466,0.35328805446624756,0.28125,0.46666666865348816,0.7862566709518433,0.107886902987957,0.8586309552192688,0.0513392835855484,0.9030718803405762,0.14599661529064178,0.909970223903656,0.2762853801250458,0.2679912745952606,0.4047619104385376,0.193452388048172,1.0,0.061036158353090286,0.909803569316864,0.04429685324430466,0.039971429854631424,0.002659000689163804,0.0888451486825943,0.1137266457080841,0.6691305041313171,0.016520867124199867,0.06914640963077545,0.44980448484420776
low/view1030.mp4,0,L04,0.286954402923584,0.3824405074119568,0.370039701461792,0.6342824697494507,0.461557537317276,0.11493974179029465,0.45345595479011536,0.7870655655860901,0.6562500596046448,0.3437500298023224,0.0,0.13500094413757324,0.07760342210531235,0.0430888794362545,0.24378341436386108,0.4469246566295624,0.48333337903022766,0.7880886793136597,0.0535714328289032,0.8772321939468384,0.0513392835855484,0.8612373471260071,0.15341341495513916,0.9642857313156128,0.09800471365451813,0.11889961361885071,0.6145833730697632,0.0751488134264946,1.0,0.08439755439758301,0.9483184814453125,0.0430888794362545,0.029226992279291153,0.002515203785151243,0.07051272690296173,0.12410776317119598,0.6659846305847168,0.010239087045192719,0.09741359949111938,0.42845767736434937
low/view1031.mp4,0,L04,0.350694477558136,0.3958333432674408,0.4402281641960144,0.6324938535690308,0.4667658805847168,0.09398864209651947,0.481234073638916,0.7555593848228455,0.65625,0.3437499701976776,0.0,0.14126816391944885,0.08365795016288757,0.040097981691360474,0.2133961319923401,0.3216765820980072,0.4833333492279053,0.7484257817268372,0.0786210298538208,0.8710317611694336,0.0364583358168602,0.8052796721458435,0.15027213096618652,0.9682539701461792,0.1942083239555359,0.24649450182914734,0.5625,0.1059027761220932,1.0,0.05066438019275665,0.953918993473053,0.040097981691360474,0.04599861800670624,0.002364207524806261,0.10261693596839905,0.09955491870641708,0.6081744432449341,0.012468257918953896,0.12882259488105774,0.4081668257713318
low/view1032.mp4,0,L04,0.15669643878936768,0.7933035492897034,0.2904762029647827,0.6261181235313416,0.36666667461395264,0.09889442473649979,0.4898512363433838,0.776076078414917,0.26324406266212463,0.6008928418159485,0.13586309552192688,0.10315819829702377,0.01612275093793869,0.04792383685708046,0.22905096411705017,0.34583333134651184,0.42499998211860657,0.8351795077323914,0.0,0.9571428894996643,0.02500000037252903,0.8585065007209778,0.08411861956119537,1.0,0.11587715148925781,0.1117851585149765,0.5110118985176086,0.03125,1.0,0.024430051445961,0.9838480949401855,0.04792383685708046,0.05705863609910011,0.0019417338771745563,0.04162363335490227,0.10298016667366028,0.6701340079307556,0.004575288388878107,0.12168662250041962,0.3350874185562134
low/view1033.mp4,0,L04,0.1755952537059784,0.6240079402923584,0.3511905074119568,0.6681199073791504,0.5902778506278992,0.10360120236873627,0.5,0.8057801127433777,0.58134925365448,0.284722238779068,0.1339285671710968,0.11488170921802521,0.00042702414793893695,0.05104997754096985,0.20756366848945618,0.3561507761478424,0.5083333253860474,0.8377251625061035,0.0,0.9335317611694336,0.0664682537317276,0.847767174243927,0.08418489992618561,1.0,0.10731407254934311,0.16557025909423828,0.7053571939468384,0.0386904776096344,1.0,0.06036469340324402,0.9895960688591003,0.05104997754096985,0.05041390657424927,0.0017619680147618055,0.038226980715990067,0.13918916881084442,0.7096371054649353,0.010128977708518505,0.05064185708761215,0.32802680134773254
low/view1034.mp4,0,L04,0.4151785671710968,0.3861607313156128,0.6473214626312256,0.7153115272521973,0.7120535373687744,0.11591191589832306,0.5,0.8526321649551392,0.6964285373687744,0.1696428507566452,0.1339285671710968,0.14250440895557404,0.006581614725291729,0.06948450207710266,0.27319371700286865,0.25,0.5,0.7717471718788147,0.0,0.9352678656578064,0.0647321417927742,0.7934998869895935,0.11078044772148132,1.0,0.11713379621505737,0.14297908544540405,0.6480655074119568,0.0535714328289032,1.0,0.019980471581220627,0.9885924458503723,0.06948450207710266,0.14728908240795135,0.009010903537273407,0.07988997548818588,0.1006801575422287,0.5391676425933838,0.050746023654937744,0.07321622967720032,0.34588998556137085
low/view1035.mp4,0,L04,0.3288690447807312,0.3504464328289032,0.4568452537059784,0.6956607103347778,0.6860119700431824,0.11021494120359421,0.5,0.8500992655754089,0.7395833730697632,0.1190476194024086,0.1391369104385376,0.1404230296611786,0.01719404011964798,0.06418635696172714,0.2903997004032135,0.2782738208770752,0.4833333492279053,0.7945560812950134,0.015625,0.9017857313156128,0.0825892835855484,0.8293734192848206,0.14616310596466064,0.984375,0.12958957254886627,0.13551335036754608,0.6197916269302368,0.0416666679084301,1.0,0.11763286590576172,0.9846733808517456,0.06418635696172714,0.059804897755384445,0.004902444779872894,0.06663042306900024,0.11548884958028793,0.6186587810516357,0.017773471772670746,0.1167411282658577,0.3906101584434509
low/view1036.mp4,0,L04,0.27182537317276,0.4375,0.401041716337204,0.6319983005523682,0.4367559552192688,0.10174624621868134,0.47527796030044556,0.7687419056892395,0.6646825075149536,0.1726190596818924,0.15610119700431824,0.1231539323925972,0.0257011279463768,0.049056459218263626,0.3116012513637543,0.24836310744285583,0.49166667461395264,0.7810417413711548,0.04598214104771614,0.8241071701049805,0.16339287161827087,0.8418794870376587,0.1934063732624054,0.9540178775787354,0.1307012140750885,0.15880781412124634,0.5714285969734192,0.0565476194024086,1.0,0.15573105216026306,0.9732276797294617,0.049056459218263626,0.1113278791308403,0.009063107892870903,0.17717774212360382,0.13605666160583496,0.432590126991272,0.058572281152009964,0.07521222531795502,0.45166099071502686
low/view1054.mp4,0,L05,0.2978670597076416,0.4846230149269104,0.5972222089767456,0.7637004852294922,0.8298611044883728,0.12212586402893066,0.49320128560066223,0.8982391357421875,0.5957341194152832,0.2810019850730896,0.1232638880610466,0.12821537256240845,0.02333183027803898,0.055588025599718094,0.3740839958190918,0.1545138955116272,0.5416666865348816,0.7305770516395569,0.015625,0.7239583134651184,0.2604166865348816,0.7590861320495605,0.3132621943950653,0.984375,0.13829803466796875,0.11398144066333771,0.421875,0.046875,1.0,0.035099394619464874,0.9612728357315063,0.055588025599718094,0.04597977548837662,0.0036175474524497986,0.12145034968852997,0.04233602434396744,0.5151770114898682,0.05082269757986069,0.22061660885810852,0.34781259298324585
low/view1055.mp4,0,L05,0.19206349551677704,0.558680534362793,0.4730158746242523,0.685800313949585,0.6186507940292358,0.12241486459970474,0.4475120007991791,0.8535280823707581,0.5329365134239197,0.4389384984970093,0.02812499925494194,0.12808123230934143,0.07574978470802307,0.03533722832798958,0.2504931092262268,0.388144850730896,0.550000011920929,0.7334034442901611,0.0625,0.7499008178710938,0.23447421193122864,0.7911922335624695,0.2626286745071411,0.953125,0.07770203053951263,0.06908530741930008,0.6428571343421936,0.01785714365541935,1.0,0.051652371883392334,0.9157199859619141,0.03533722832798958,0.030352747067809105,0.0031331705395132303,0.1204921081662178,0.03731031343340874,0.6520645618438721,0.015478760004043579,0.14116837084293365,0.40476787090301514
low/view1056.mp4,0,L05,0.1681547611951828,0.5613095164299011,0.523065447807312,0.679867684841156,0.6569940447807312,0.07653584331274033,0.5300679802894592,0.7650104761123657,0.5941964387893677,0.4058036208152771,0.0,0.12910640239715576,0.08822248131036758,0.03176106885075569,0.292980819940567,0.2819940447807312,0.4333333373069763,0.719100296497345,0.0416666679084301,0.7901785373687744,0.2098214328289032,0.7578928470611572,0.13632962107658386,0.9791666269302368,0.0880046933889389,0.0954749584197998,0.6577380895614624,0.0386904776096344,1.0,0.08757781982421875,0.9461557269096375,0.03176106885075569,0.042645830661058426,0.002163896569982171,0.057108305394649506,0.0298012588173151,0.823890209197998,0.006156933028250933,0.038233622908592224,0.3348647952079773
low/view1057.mp4,0,L05,0.3206349313259125,0.3662698566913605,0.5605158805847168,0.6948955059051514,0.7617064118385315,0.11407510936260223,0.4712449610233307,0.8284098505973816,0.8003968596458435,0.17876984179019928,0.02083333395421505,0.1384410560131073,0.09855584800243378,0.02228568121790886,0.3440057337284088,0.20357145369052887,0.44166669249534607,0.7090363502502441,0.0674603208899498,0.8303571939468384,0.1339285671710968,0.754787802696228,0.1574883759021759,0.9464285969734192,0.1669398844242096,0.17600086331367493,0.44999998807907104,0.0714285746216774,1.0,0.06999003142118454,0.9243373274803162,0.02228568121790886,0.06565839052200317,0.002943510189652443,0.07777440547943115,0.06458323448896408,0.7103385925292969,0.006983302999287844,0.07171853631734848,0.4332355558872223
low/view1058.mp4,0,L05,0.1421131044626236,0.4099702835083008,0.3459821343421936,0.742374837398529,0.8415178656578064,0.10506884008646011,0.5158393383026123,0.83675616979599,0.6569940447807312,0.21875,0.1220238134264946,0.12757809460163116,0.05587239935994148,0.036750007420778275,0.26380184292793274,0.2953869104385376,0.48333337903022766,0.7673449516296387,0.015625,0.8630952835083008,0.1369047611951828,0.8036701083183289,0.16381752490997314,0.984375,0.15982931852340698,0.19236817955970764,0.5677083730697632,0.109375,1.0,0.2082151621580124,0.9521658420562744,0.036750007420778275,0.07265296578407288,0.005666733253747225,0.13079050183296204,0.05178692936897278,0.6410461068153381,0.04415835067629814,0.05389842018485069,0.4058982729911804
low/view1059.mp4,0,L05,0.427827388048172,0.4099702537059784,0.4680059552192688,0.7113388180732727,0.777529776096344,0.13986770808696747,0.43241196870803833,0.844866156578064,0.6822917461395264,0.1889881044626236,0.1287202388048172,0.1349496841430664,0.05571044981479645,0.04596785828471184,0.3089148700237274,0.2016369104385376,0.45000001788139343,0.7632350921630859,0.015625,0.8861607313156128,0.1138392835855484,0.7861086130142212,0.12462040781974792,1.0,0.10944333672523499,0.11400169134140015,0.5916666984558105,0.0595238134264946,1.0,0.15791922807693481,0.9680426716804504,0.04596785828471184,0.07678094506263733,0.0036148095969110727,0.10852286219596863,0.1212194412946701,0.5722039937973022,0.0672006905078888,0.05045723542571068,0.4424583911895752
low/view2018.mp4,0,L06,0.23194445669651031,0.548611044883728,0.4548611342906952,0.6612367630004883,0.46562498807907104,0.09945660829544067,0.5211902856826782,0.820541501045227,0.4934028089046478,0.38576385378837585,0.11527778208255768,0.11526963859796524,0.02834194526076317,0.04584094136953354,0.28249263763427734,0.2892361283302307,0.5999999642372131,0.7351865768432617,0.02500000037252903,0.7413194179534912,0.2586805522441864,0.7851178646087646,0.1939791887998581,0.987500011920929,0.11310011893510818,0.11103986203670502,0.5433531999588013,0.0473710298538208,1.0,0.14171725511550903,0.9726771712303162,0.04584094136953354,0.05733168125152588,0.005317848641425371,0.1093563511967659,0.06468077003955841,0.6064202785491943,0.06105753034353256,0.09583550691604614,0.40051543712615967
low/view2019.mp4,0,L06,0.22763799130916595,0.5940746665000916,0.29357415437698364,0.574329674243927,0.26832160353660583,0.13395953178405762,0.3861067593097687,0.8273831605911255,0.43291395902633667,0.2892451584339142,0.26320797204971313,0.07920803129673004,-0.14549610018730164,0.09839785099029541,0.2376387119293213,0.5380727052688599,0.574999988079071,0.6828131079673767,0.0763888880610466,0.6695256233215332,0.254085510969162,0.7517849802970886,0.2136353850364685,0.9548611044883728,0.13209973275661469,0.17748962342739105,0.6241071820259094,0.05848214402794838,1.0,0.1593707799911499,0.9269373416900635,0.09839785099029541,0.05224350839853287,0.004478070884943008,0.10605262964963913,0.07577548921108246,0.6226879358291626,0.020305205136537552,0.11845717579126358,0.254767507314682
low/view2020.mp4,0,L06,0.21309524774551392,0.6875,0.383184552192688,0.5913367867469788,0.3422619104385376,0.14051297307014465,0.36971426010131836,0.7904182076454163,0.3898809850215912,0.36964288353919983,0.2140377163887024,0.09385213255882263,-0.017886420711874962,0.06396639347076416,0.34995996952056885,0.3814484179019928,0.4833333492279053,0.5974297523498535,0.189236119389534,0.6059027910232544,0.2435515969991684,0.6832910180091858,0.29883235692977905,0.8673115372657776,0.1347981095314026,0.16440241038799286,0.5595238208770752,0.0416666679084301,1.0,0.20079860091209412,0.8196484446525574,0.06396639347076416,0.03310966491699219,0.0034197233617305756,0.09399979561567307,0.0755637139081955,0.587251603603363,0.011381507851183414,0.1952740103006363,0.18346670269966125
low/view2021.mp4,0,L06,0.0416666679084301,0.8770833611488342,0.33988094329833984,0.5195872187614441,0.3136904835700989,0.19622980058193207,0.17841440439224243,0.7423987984657288,0.15416666865348816,0.7229166626930237,0.08749999850988388,0.0932716354727745,0.04064033925533295,0.03672558441758156,0.3907969295978546,0.22738096117973328,0.4000000059604645,0.5267068147659302,0.35357144474983215,0.47440478205680847,0.21369047462940216,0.5287127494812012,0.5625189542770386,0.6672618389129639,0.07270468026399612,0.05720827728509903,0.5999999642372131,0.02083333395421505,1.0,0.26943346858024597,0.6702728867530823,0.03672558441758156,0.01565122976899147,0.0023249511141330004,0.08666904270648956,0.022371549159288406,0.726987361907959,0.03502526134252548,0.11097061634063721,0.2664197087287903
low/view2022.mp4,0,L06,0.07083333283662796,0.8416666984558105,0.6422619223594666,0.5424462556838989,0.2660714387893677,0.17094051837921143,0.24862435460090637,0.7720637321472168,0.22499997913837433,0.38333332538604736,0.32202380895614624,0.07536891102790833,0.004213104024529457,0.0499725341796875,0.6102727651596069,0.13511905074119568,0.4166666865348816,0.48245134949684143,0.20297619700431824,0.31488096714019775,0.5000000596046448,0.47695308923721313,0.40294474363327026,0.8148810267448425,0.21325083076953888,0.277741938829422,0.41309523582458496,0.0744047686457634,0.75,0.1838347315788269,0.7398648858070374,0.0499725341796875,0.013775559142231941,0.0023277909494936466,0.03664098680019379,0.03621748834848404,0.8511818051338196,0.004969310015439987,0.05488699674606323,0.14265887439250946
low/view2023.mp4,0,L06,0.08452381193637848,0.788095235824585,0.5625000596046448,0.5966309309005737,0.33095237612724304,0.11567442119121552,0.46384769678115845,0.7705314755439758,0.23273810744285583,0.3732143044471741,0.3797619044780731,0.055025480687618256,-0.14088018238544464,0.10021050274372101,0.44586479663848877,0.10833334177732468,0.40000003576278687,0.6623751521110535,0.0595238134264946,0.5369047522544861,0.4452380836009979,0.689234733581543,0.279045045375824,0.961309552192688,0.1571628451347351,0.14106962084770203,0.4095238149166107,0.06071428954601288,1.0,0.18758773803710938,0.8640161156654358,0.10021050274372101,0.032802265137434006,0.013920232653617859,0.052354596555233,0.07476157695055008,0.6883509159088135,0.021569283679127693,0.11624108254909515,0.1908864825963974
low/view2024.mp4,0,L06,0.14940476417541504,0.6875,0.4166666865348816,0.633917510509491,0.4315476417541504,0.11706111580133438,0.47934019565582275,0.8040295839309692,0.3374999761581421,0.45773813128471375,0.20476192235946655,0.08884885907173157,-0.04232949763536453,0.06883461028337479,0.4091440439224243,0.20773811638355255,0.40833333134651184,0.7285373210906982,0.0,0.7285714745521545,0.27142855525016785,0.8037265539169312,0.2842944264411926,1.0,0.2507648169994354,0.2657408118247986,0.2410714328289032,0.13452382385730743,1.0,0.39078760147094727,0.967219352722168,0.06883461028337479,0.0457797646522522,0.0031289798207581043,0.050944551825523376,0.09177699685096741,0.7334961295127869,0.02560877427458763,0.0492648109793663,0.24109430611133575
low/view2025.mp4,0,L06,0.3586309850215912,0.4660714268684387,0.40416666865348816,0.5836628675460815,0.4148809611797333,0.17499518394470215,0.2508939206600189,0.772203803062439,0.6958333849906921,0.28333336114883423,0.01785714365541935,0.13468430936336517,0.08551551401615143,0.03304678574204445,0.35953289270401,0.27916666865348816,0.4333333373069763,0.6649107933044434,0.13809524476528168,0.637499988079071,0.22440476715564728,0.7775598764419556,0.2869267463684082,0.8619047999382019,0.3165892958641052,0.33774736523628235,0.41309523582458496,0.1577380895614624,1.0,0.07576298713684082,0.8866297006607056,0.03304678574204445,0.06570102274417877,0.003516862401738763,0.09849022328853607,0.1485111266374588,0.5901468992233276,0.017530135810375214,0.07610370963811874,0.3377724587917328
low/view2026.mp4,0,L06,0.5273810029029846,0.26250001788139343,0.48125001788139343,0.6321186423301697,0.5358631610870361,0.16315443813800812,0.346034973859787,0.8252826929092407,0.8291667103767395,0.0922619104385376,0.0744047611951828,0.15075236558914185,0.06339256465435028,0.047761477530002594,0.3898208737373352,0.09940476715564728,0.4583333432674408,0.7186961770057678,0.0989583358168602,0.7796131372451782,0.10357142984867096,0.7866388559341431,0.3031090497970581,0.9010416269302368,0.2746290862560272,0.2970995306968689,0.3970238268375397,0.15119047462940216,1.0,0.02815437875688076,0.8730320334434509,0.047761477530002594,0.09428384900093079,0.005309795029461384,0.07074419409036636,0.08748606592416763,0.6186285018920898,0.02620573528110981,0.09734183549880981,0.35007649660110474
low/view2027.mp4,0,L06,0.3385416865348816,0.5892857313156128,0.337797611951828,0.6564239859580994,0.6063988208770752,0.14730221033096313,0.4053649604320526,0.8333252668380737,0.5364583134651184,0.2961309552192688,0.1674107164144516,0.1194516196846962,0.004135768860578537,0.061376843601465225,0.3309290111064911,0.2395833432674408,0.4500000476837158,0.7391334176063538,0.02083333395421505,0.7492559552192688,0.2090774029493332,0.83258056640625,0.3027433753013611,1.0,0.22063681483268738,0.17769932746887207,0.2767857313156128,0.1041666716337204,1.0,0.2440299242734909,0.9079903960227966,0.061376843601465225,0.03823024034500122,0.002828504191711545,0.05795599892735481,0.03924446180462837,0.741866946220398,0.0124277388677001,0.10744603723287582,0.3427732288837433
low/view2028.mp4,0,L06,0.12619048357009888,0.7267857193946838,0.32678571343421936,0.5485389232635498,0.28392860293388367,0.1384074091911316,0.33527320623397827,0.7544407248497009,0.31488093733787537,0.38630950450897217,0.2988095283508301,0.07672774791717529,-0.06071791425347328,0.0825497955083847,0.3237431049346924,0.16904762387275696,0.40833336114883423,0.7301397323608398,0.0,0.7357142567634583,0.26428571343421936,0.7722766399383545,0.20370371639728546,1.0,0.0930601954460144,0.1047498807311058,0.7250000238418579,0.0416666679084301,1.0,0.15841005742549896,0.9475829601287842,0.0825497955083847,0.02282198891043663,0.003008573781698942,0.07385391741991043,0.023972366005182266,0.838851273059845,0.010057786479592323,0.027434147894382477,0.25405198335647583
low/view2105.mp4,0,L07,0.08452381193637848,0.7809524536132812,0.38154762983322144,0.5721471309661865,0.3380952775478363,0.12100610882043839,0.40765032172203064,0.7456230521202087,0.2869047522544861,0.38452380895614624,0.30714288353919983,0.0768747553229332,-0.03899324685335159,0.07549704611301422,0.36428481340408325,0.22559525072574615,0.4000000059604645,0.6865717768669128,0.0595238134264946,0.6434524059295654,0.31785714626312256,0.7221648693084717,0.2839241921901703,0.9404761791229248,0.08569791167974472,0.07905679941177368,0.5958333611488342,0.02083333395421505,1.0,0.19109109044075012,0.86107337474823,0.07549704611301422,0.07768525928258896,0.003945549484342337,0.09567013382911682,0.057813603430986404,0.6424553394317627,0.057319752871990204,0.06511033326387405,0.22431424260139465
low/view2106.mp4,0,L07,0.38110119104385376,0.5239583253860474,0.29583337903022766,0.63051837682724,0.43586310744285583,0.14067503809928894,0.42944782972335815,0.8089107275009155,0.5095238089561462,0.2232142835855484,0.26428571343421936,0.10404425114393234,-0.011447173543274403,0.07656833529472351,0.29187342524528503,0.31860119104385376,0.45000001788139343,0.829702615737915,0.01785714365541935,0.8693452477455139,0.11279761791229248,0.894780695438385,0.11012761294841766,0.9821428656578064,0.18232068419456482,0.20368161797523499,0.4047619104385376,0.12440477311611176,0.625,0.3346790671348572,0.9313218593597412,0.07656833529472351,0.029528465121984482,0.002619092119857669,0.04549523815512657,0.030920084565877914,0.7417176365852356,0.01968047022819519,0.1300390064716339,0.3639705777168274
low/view2107.mp4,0,L07,0.34642860293388367,0.5571429133415222,0.4389880895614624,0.6229057312011719,0.4724702537059784,0.15268751978874207,0.3699362874031067,0.8039771914482117,0.44285714626312256,0.36428573727607727,0.184523805975914,0.09732180833816528,-0.09208033233880997,0.09758395701646805,0.311766654253006,0.2180059403181076,0.42500004172325134,0.7364575862884521,0.0781250074505806,0.7633929252624512,0.1584821343421936,0.828019917011261,0.21330012381076813,0.921875,0.17870934307575226,0.21597781777381897,0.5833333134651184,0.0833333358168602,0.875,0.21556586027145386,0.8530629873275757,0.09758395701646805,0.036350175738334656,0.0042609828524291515,0.03440330550074577,0.10582435131072998,0.7409349679946899,0.005259242840111256,0.07296701520681381,0.27677616477012634
low/view2398.mp4,0,L08,0.366319477558136,0.48923611640930176,0.4576388895511627,0.7307288646697998,0.8194444179534912,0.09082693606615067,0.5511289238929749,0.845706582069397,0.5371527671813965,0.3913194537162781,0.07152777910232544,0.13244624435901642,0.06371857970952988,0.0430423766374588,0.32987624406814575,0.28263890743255615,0.5999999642372131,0.8131336569786072,0.0,0.8895833492279053,0.11041667312383652,0.8751353025436401,0.16158607602119446,1.0,0.11616022884845734,0.0944788008928299,0.4260912537574768,0.015625,1.0,0.3959355652332306,0.9742841124534607,0.0430423766374588,0.07192680984735489,0.00487170834094286,0.08494848012924194,0.09274808317422867,0.6262210011482239,0.021394191309809685,0.09788980334997177,0.5023221373558044
low/view2399.mp4,0,L08,0.20208334922790527,0.7003471851348877,0.4902777671813965,0.6319559812545776,0.49166664481163025,0.128469318151474,0.3912067413330078,0.7941892147064209,0.3447916805744171,0.41284722089767456,0.23194445669651031,0.09682605415582657,-0.022330395877361298,0.060854941606521606,0.3735748529434204,0.19305557012557983,0.6083332896232605,0.7969454526901245,0.0416666679084301,0.7944444417953491,0.17777778208255768,0.8768090605735779,0.14254382252693176,0.9583333134651184,0.12000754475593567,0.1401730477809906,0.5833333134651184,0.0555555559694767,1.0,0.05217566341161728,0.8841506838798523,0.060854941606521606,0.07244068384170532,0.0037327674217522144,0.08907719701528549,0.03844916447997093,0.6853588819503784,0.017910253256559372,0.09303104132413864,0.383759468793869
low/view2623.mp4,0,L09,0.06474116444587708,0.7650883793830872,0.473768949508667,0.6491565704345703,0.4208964407444,0.1385115385055542,0.5,0.8599054217338562,0.24627526104450226,0.35381942987442017,0.39990532398223877,0.08167941868305206,0.012593737803399563,0.04663831368088722,0.21599435806274414,0.2856060564517975,0.6749999523162842,0.7885816693305969,0.0,0.8166982531547546,0.18330177664756775,0.8101421594619751,0.16456089913845062,1.0,0.06777259707450867,0.0729072242975235,0.6682449579238892,0.015625,1.0,0.07364163547754288,0.9837667942047119,0.04663831368088722,0.0917690321803093,0.005383707582950592,0.11253499984741211,0.09960798174142838,0.5136646032333374,0.03060680814087391,0.14643293619155884,0.35662567615509033
low/view2624.mp4,0,L09,0.17140153050422668,0.6461490392684937,0.4679608643054962,0.6848777532577515,0.5948547720909119,0.12835007905960083,0.4675241708755493,0.8623772859573364,0.37657827138900757,0.46338385343551636,0.16003789007663727,0.10580240935087204,0.01713382638990879,0.048519011586904526,0.3751305341720581,0.25142043828964233,0.6166666746139526,0.765937328338623,0.0,0.7670454382896423,0.21906566619873047,0.7826646566390991,0.1850346028804779,1.0,0.21307072043418884,0.22777880728244781,0.3687995970249176,0.152033731341362,1.0,0.20862597227096558,0.9449496269226074,0.048519011586904526,0.04741368815302849,0.005203875247389078,0.07479754835367203,0.1318608522415161,0.6152373552322388,0.033932264894247055,0.0915544256567955,0.4132908284664154
low/view2625.mp4,0,L09,0.1116071417927742,0.766865074634552,0.4513392746448517,0.6893577575683594,0.5705357193946838,0.1565781980752945,0.3979225754737854,0.8993664979934692,0.3430059254169464,0.5019841194152832,0.15223214030265808,0.10134954750537872,0.015281036496162415,0.042817309498786926,0.384802907705307,0.20446428656578064,0.5416666865348816,0.6745655536651611,0.02812499925494194,0.6392857432365417,0.3325892686843872,0.6793638467788696,0.31679725646972656,0.987500011920929,0.23088018596172333,0.3162369132041931,0.5223214626312256,0.0982142835855484,0.875,0.3538508415222168,0.9175599217414856,0.042817309498786926,0.06871718913316727,0.004327487200498581,0.05768939480185509,0.11337249726057053,0.6588886976242065,0.0185270793735981,0.07847766578197479,0.2961517870426178
low/view2626.mp4,0,L09,0.0295138880610466,0.8321429491043091,0.5528273582458496,0.6984451413154602,0.5745039582252502,0.17786642909049988,0.3890450894832611,0.9461480379104614,0.24523811042308807,0.6195932626724243,0.1289682537317276,0.09706795960664749,0.02945053018629551,0.03458906337618828,0.4281880855560303,0.2829365134239197,0.48333337903022766,0.6459624767303467,0.0798611119389534,0.6122024059295654,0.33745041489601135,0.6597721576690674,0.3302866518497467,0.9704861044883728,0.1753554344177246,0.22540034353733063,0.5458333492279053,0.10208333283662796,1.0,0.34242570400238037,0.8692193627357483,0.03458906337618828,0.033211156725883484,0.0029112379997968674,0.0423748753964901,0.11985687911510468,0.7322168946266174,0.01799955777823925,0.0514293797314167,0.2604539394378662
low/view2627.mp4,0,L09,0.2864583432674408,0.5066964030265808,0.536954402923584,0.7556579113006592,0.8226686716079712,0.13845446705818176,0.5108075737953186,0.920866847038269,0.6778273582458496,0.2499999850988388,0.0629960298538208,0.13525579869747162,0.059866078197956085,0.04250209406018257,0.3887544274330139,0.2043650895357132,0.49166667461395264,0.6795061230659485,0.096478171646595,0.6465774178504944,0.2725694477558136,0.7942813634872437,0.3589002788066864,0.9191468358039856,0.20552422106266022,0.24462491273880005,0.4642857015132904,0.1458333432674408,0.875,0.21835964918136597,0.9747154116630554,0.04250209406018257,0.046848002821207047,0.00443026889115572,0.07871757447719574,0.07846057415008545,0.6821083426475525,0.013855261728167534,0.09558001160621643,0.39337003231048584
low/view2628.mp4,0,L09,0.35848215222358704,0.3358631134033203,0.5247023701667786,0.7323675155639648,0.6888392567634583,0.14882156252861023,0.47926217317581177,0.8945715427398682,0.772470235824585,0.06369047611951828,0.15669643878936768,0.13225430250167847,0.03218771517276764,0.05159436911344528,0.3556111454963684,0.21622022986412048,0.42500001192092896,0.6804218292236328,0.0565476194024086,0.5973214507102966,0.38482141494750977,0.7257475256919861,0.3223148286342621,0.961309552192688,0.15124376118183136,0.1711903065443039,0.6357142329216003,0.0625,1.0,0.26869848370552063,0.9561077356338501,0.05159436911344528,0.058424580842256546,0.0048854779452085495,0.13353562355041504,0.07264645397663116,0.6500496864318848,0.023568052798509598,0.05689014494419098,0.35361504554748535
low/view2629.mp4,0,L09,0.3571428656578064,0.4191468358039856,0.6160714030265808,0.7585745453834534,0.7996031641960144,0.1358964890241623,0.5246180891990662,0.9204429388046265,0.6351686716079712,0.246279776096344,0.1091269850730896,0.12852776050567627,0.0286683589220047,0.053874727338552475,0.2852668762207031,0.2033730149269104,0.5083333253860474,0.6784735321998596,0.0634920671582222,0.6140873432159424,0.3224206268787384,0.7554967403411865,0.3662467300891876,0.9365079402923584,0.28687071800231934,0.3894020617008209,0.4275793731212616,0.1269841343164444,1.0,0.17081330716609955,0.9632705450057983,0.053874727338552475,0.07437869906425476,0.0035886126570403576,0.07116453349590302,0.12540148198604584,0.6476747989654541,0.01471190806478262,0.06307997554540634,0.3900052011013031
low/view2630.mp4,0,L09,0.308779776096344,0.5029761791229248,0.4910714328289032,0.6429198980331421,0.504464328289032,0.13061222434043884,0.4487098455429077,0.8366830348968506,0.5848214030265808,0.1361607164144516,0.2611607015132904,0.08776934444904327,-0.0357072576880455,0.07822605222463608,0.2643837630748749,0.2745535671710968,0.5083333253860474,0.667079508304596,0.0647321417927742,0.6741071939468384,0.2611607313156128,0.7329020500183105,0.3069789707660675,0.9352678656578064,0.12140461802482605,0.10779845714569092,0.6004464626312256,0.1071428656578064,0.875,0.21364149451255798,0.9725832939147949,0.07822605222463608,0.0483756884932518,0.004461687058210373,0.053331464529037476,0.20369978249073029,0.5764241814613342,0.017275825142860413,0.09643141180276871,0.3588886559009552
low/view2631.mp4,0,L09,0.4824405014514923,0.349702388048172,0.474702388048172,0.6896191835403442,0.625,0.1603001058101654,0.4410025477409363,0.8888532519340515,0.7273809313774109,0.21904762089252472,0.0535714291036129,0.13850490748882294,0.07674078643321991,0.04465845227241516,0.2717278003692627,0.1651785671710968,0.3499999940395355,0.6772379875183105,0.0877976268529892,0.6473214626312256,0.2648809552192688,0.7020266056060791,0.3355571925640106,0.9122023582458496,0.30289915204048157,0.2615278363227844,0.3125,0.28125,0.875,0.12127003818750381,0.9136912822723389,0.04465845227241516,0.09056122601032257,0.005013996735215187,0.05842579901218414,0.2402769774198532,0.5242666006088257,0.016038529574871063,0.0654168650507927,0.30932381749153137
low/view2632.mp4,0,L09,0.27321431040763855,0.4452381134033203,0.5589285492897034,0.7520101070404053,0.7235119342803955,0.14652425050735474,0.535871684551239,0.9214910268783569,0.6779761910438538,0.28035715222358704,0.0416666679084301,0.13524460792541504,0.08057143539190292,0.03726871311664581,0.25843575596809387,0.17321428656578064,0.3583333492279053,0.7218049764633179,0.0625,0.7229166626930237,0.24583332240581512,0.7781217694282532,0.2530006170272827,0.9375,0.2796156704425812,0.32280710339546204,0.5041666626930237,0.17291666567325592,1.0,0.4013817608356476,0.9633890390396118,0.03726871311664581,0.10183718055486679,0.006472701206803322,0.057290151715278625,0.18274734914302826,0.5508049726486206,0.014573690481483936,0.0862739309668541,0.3180534243583679
low/view2633.mp4,0,L09,0.1614583283662796,0.796875,0.38854166865348816,0.7308590412139893,0.6114583015441895,0.1558651179075241,0.5301411151885986,0.9451422095298767,0.265625,0.6312499642372131,0.10312499850988388,0.1081969141960144,0.06419112533330917,0.03063380904495716,0.3122466206550598,0.23854166269302368,0.40833336114883423,0.7779498100280762,0.0,0.90625,0.0937500074505806,0.8116975426673889,0.16172876954078674,1.0,0.2926878035068512,0.3600535988807678,0.3916667103767395,0.21250000596046448,1.0,0.28115054965019226,0.9718345403671265,0.03063380904495716,0.0723300501704216,0.0027123342733830214,0.051245320588350296,0.07294219732284546,0.6767321825027466,0.010817838832736015,0.11322014778852463,0.3317052125930786
low/view2634.mp4,0,L09,0.06562499701976776,0.753125011920929,0.5223214626312256,0.6164682507514954,0.4096726179122925,0.17021629214286804,0.3880140483379364,0.8488602042198181,0.24687500298023224,0.3566964268684387,0.3776785731315613,0.08237580209970474,0.007793673779815435,0.05181578919291496,0.3051091432571411,0.2961309552192688,0.42499998211860657,0.6900086402893066,0.06145833432674408,0.5589285492897034,0.40461310744285583,0.6916475296020508,0.2934942841529846,0.9541666507720947,0.2631867527961731,0.25383248925209045,0.27172619104385376,0.1755952537059784,1.0,0.4361712336540222,0.8697055578231812,0.05181578919291496,0.09400726854801178,0.0032625829335302114,0.0637332871556282,0.11238980293273926,0.6264886260032654,0.010691883973777294,0.08942665904760361,0.2956565320491791
low/view2635.mp4,0,L09,0.2525297701358795,0.5318452715873718,0.38005954027175903,0.6261045932769775,0.4206845462322235,0.16818448901176453,0.3295511305332184,0.8346209526062012,0.5276785492897034,0.20327381789684296,0.2660714387893677,0.10294541716575623,0.005233342759311199,0.05774742737412453,0.23504506051540375,0.39821431040763855,0.4749999940395355,0.7490662336349487,0.0357142873108387,0.6784226894378662,0.32157739996910095,0.8043437600135803,0.28088098764419556,0.9821428656578064,0.21833005547523499,0.224869966506958,0.42544642090797424,0.1220238134264946,0.875,0.23412799835205078,0.959365963935852,0.05774742737412453,0.08283868432044983,0.003676990047097206,0.06695231050252914,0.05623871460556984,0.6882293224334717,0.02203327976167202,0.08003070950508118,0.34653735160827637
low/view2636.mp4,0,L09,0.2777777910232544,0.6194444894790649,0.4204365015029907,0.5532569885253906,0.24166667461395264,0.1172061488032341,0.37421393394470215,0.6989670395851135,0.4055555760860443,0.25,0.2977182865142822,0.09305258095264435,-0.0031382376328110695,0.06624037027359009,0.3239731192588806,0.16259920597076416,0.3583333492279053,0.65597003698349,0.1190476268529892,0.6452381014823914,0.29821428656578064,0.7214263677597046,0.2855139970779419,0.8809524178504944,0.3732220232486725,0.40773075819015503,0.2916666865348816,0.28125,0.125,0.0,0.9461555480957031,0.06624037027359009,0.0346868559718132,0.0018624520162120461,0.042860835790634155,0.09122002124786377,0.7532410025596619,0.00555091816931963,0.07057798653841019,0.2569828927516937
low/view2637.mp4,0,L09,0.2842261791229248,0.5078372955322266,0.5008928775787354,0.5857592821121216,0.31731149554252625,0.15277990698814392,0.3506122827529907,0.842478334903717,0.5046627521514893,0.2212797850370407,0.2698909044265747,0.09287109971046448,-0.08707711100578308,0.08714639395475388,0.41219961643218994,0.25907737016677856,0.5833333134651184,0.7455432415008545,0.02500000037252903,0.7189980149269104,0.26850196719169617,0.824506402015686,0.24120639264583588,0.987500011920929,0.3258003294467926,0.38811030983924866,0.3921131193637848,0.1803075522184372,0.125,0.0,0.941816508769989,0.08714639395475388,0.04959006607532501,0.0040476215071976185,0.06285994499921799,0.10876637697219849,0.6877094507217407,0.02234579063951969,0.06468073278665543,0.36948806047439575
low/view2638.mp4,0,L09,0.4635416567325592,0.3836805522441864,0.4399801790714264,0.6165298819541931,0.3970734179019928,0.1650722473859787,0.30768728256225586,0.8164423108100891,0.6996527910232544,0.2100694477558136,0.0873015895485878,0.13182908296585083,0.013061723671853542,0.06445972621440887,0.3254254162311554,0.1386408805847168,0.4583333432674408,0.7483737468719482,0.0357142873108387,0.6924603581428528,0.2718254029750824,0.8124116659164429,0.26868611574172974,0.9642857313156128,0.28558531403541565,0.21243642270565033,0.36101189255714417,0.22499999403953552,0.625,0.3694014549255371,0.9250872135162354,0.06445972621440887,0.05581919476389885,0.004995495546609163,0.04689447581768036,0.11073661595582962,0.689858078956604,0.03339773416519165,0.058298394083976746,0.34771090745925903
low/view2639.mp4,0,L09,0.3958333432674408,0.296875,0.3043651282787323,0.6391754150390625,0.6007936000823975,0.17505915462970734,0.28743836283683777,0.8186401128768921,0.768750011920929,0.10729166865348816,0.10376983880996704,0.129704087972641,0.02185237407684326,0.05356301739811897,0.23334255814552307,0.18115080893039703,0.5083333253860474,0.6953961253166199,0.19761905074119568,0.7055556178092957,0.09682539850473404,0.8468044996261597,0.2924719452857971,0.8162698745727539,0.26364657282829285,0.333207905292511,0.4935516119003296,0.140625,0.875,0.30026504397392273,0.9018112421035767,0.05356301739811897,0.03864845633506775,0.0021300551015883684,0.08330259472131729,0.10488897562026978,0.6989003419876099,0.011911453679203987,0.06021818891167641,0.3258425295352936
low/view2640.mp4,0,L09,0.20863096415996552,0.43690478801727295,0.46294641494750977,0.6281153559684753,0.5529761910438538,0.1611413210630417,0.346358984708786,0.8088784217834473,0.6017857193946838,0.2157738357782364,0.14404761791229248,0.1187182292342186,0.036573223769664764,0.052296482026576996,0.24052934348583221,0.18913689255714417,0.46666669845581055,0.6368767619132996,0.20877975225448608,0.614434540271759,0.17678572237491608,0.7244473099708557,0.41431307792663574,0.7912203073501587,0.19101470708847046,0.24011963605880737,0.532589316368103,0.1205357164144516,1.0,0.1886376589536667,0.9626429080963135,0.052296482026576996,0.06807969510555267,0.002427587751299143,0.09294787049293518,0.06610880047082901,0.6951443552970886,0.011665720492601395,0.06362595409154892,0.34790706634521484
low/view2641.mp4,0,L09,0.26249998807907104,0.4854166507720947,0.4199404716491699,0.661709725856781,0.5379464626312256,0.16471734642982483,0.3995606005191803,0.8597052693367004,0.5916666984558105,0.25833332538604736,0.13139881193637848,0.13062377274036407,0.0539923757314682,0.05267499387264252,0.23635655641555786,0.21785713732242584,0.40000003576278687,0.6773458123207092,0.14925594627857208,0.6206845641136169,0.23005951941013336,0.7685021758079529,0.32800406217575073,0.8872023820877075,0.16867701709270477,0.1895189732313156,0.4541666507720947,0.0729166716337204,1.0,0.0773775726556778,0.9594650268554688,0.05267499387264252,0.13139793276786804,0.005960142705589533,0.10499747842550278,0.0999918282032013,0.5835198163986206,0.014101056382060051,0.06003172695636749,0.34120631217956543
low/view2642.mp4,0,L09,0.42648807168006897,0.506845235824585,0.19464285671710968,0.6560108065605164,0.5535714626312256,0.1654413491487503,0.3697309195995331,0.8423654437065125,0.543154776096344,0.33690476417541504,0.11279761791229248,0.13800352811813354,0.060410983860492706,0.055393729358911514,0.19058360159397125,0.3336309492588043,0.4000000059604645,0.7321653366088867,0.11726190149784088,0.7625000476837158,0.095238097012043,0.8298836350440979,0.2258061170578003,0.925595223903656,0.217654749751091,0.2668461203575134,0.45476192235946655,0.13452380895614624,0.875,0.31831589341163635,0.970435619354248,0.055393729358911514,0.14847159385681152,0.006675282493233681,0.09882807731628418,0.13263018429279327,0.5148894190788269,0.03425658121705055,0.06424885243177414,0.3836853802204132
low/view2643.mp4,0,L09,0.4660714268684387,0.3901785910129547,0.14851191639900208,0.6349518895149231,0.42619049549102783,0.12099162489175797,0.4529745876789093,0.8096916079521179,0.7151785492897034,0.10238096117973328,0.15148809552192688,0.13652421534061432,0.018181491643190384,0.0700504407286644,0.1399749517440796,0.4973214268684387,0.3916666805744171,0.7650426030158997,0.13363096117973328,0.8306547999382019,0.0357142873108387,0.8840288519859314,0.1322307288646698,0.8663690686225891,0.2084757685661316,0.24582549929618835,0.375,0.1666666716337204,1.0,0.04730769619345665,0.9685945510864258,0.0700504407286644,0.11993759870529175,0.005163848400115967,0.10307927429676056,0.1751924753189087,0.5013239979743958,0.03229685500264168,0.0630059465765953,0.4343678057193756
low/view2644.mp4,0,L09,0.38660717010498047,0.39077380299568176,0.4360118806362152,0.6759006977081299,0.5558035969734192,0.14486251771450043,0.44268998503685,0.8713203072547913,0.6449404358863831,0.15148809552192688,0.1941964328289032,0.13063383102416992,0.013840390369296074,0.06647264957427979,0.2466208040714264,0.3846726417541504,0.42500001192092896,0.7749946713447571,0.0543154776096344,0.8191964626312256,0.1264881044626236,0.8291105628013611,0.1498725414276123,0.945684552192688,0.34163057804107666,0.3928684890270233,0.3288690745830536,0.2663690447807312,1.0,0.26907452940940857,0.9521207213401794,0.06647264957427979,0.10270600020885468,0.004578638356178999,0.10011053830385208,0.11437048017978668,0.6048470735549927,0.016730137169361115,0.056657109409570694,0.3901485502719879
low/view772.mp4,0,L01,0.33273810148239136,0.24761904776096344,0.3144976794719696,0.5569939613342285,0.4342397451400757,0.24387624859809875,0.12003683298826218,0.8257648944854736,0.7952381372451782,0.18690475821495056,0.011363636702299118,0.14800769090652466,0.09674104303121567,0.03526707738637924,0.2357647716999054,0.4961129128932953,0.5,0.5504852533340454,0.3558712303638458,0.5514159798622131,0.0859668105840683,0.6683378219604492,0.6185360550880432,0.7115890979766846,0.18548911809921265,0.2037268429994583,0.42599207162857056,0.14444445073604584,0.375,0.017092611640691757,0.8882264494895935,0.03526707738637924,0.03677832707762718,0.0016325159231200814,0.05960233882069588,0.16239626705646515,0.6591585278511047,0.01165464986115694,0.06877733767032623,0.20591676235198975
low/view773.mp4,0,L01,0.4270833432674408,0.3266369104385376,0.26812320947647095,0.574748158454895,0.30408549308776855,0.15848074853420258,0.2948242127895355,0.8067243099212646,0.7462797164916992,0.1086309552192688,0.1236652284860611,0.14444482326507568,0.00546508003026247,0.07375544309616089,0.19678892195224762,0.3376082479953766,0.5083333849906921,0.7010816335678101,0.17288510501384735,0.7296897768974304,0.09742514789104462,0.8188542723655701,0.3295831084251404,0.8427398800849915,0.23266737163066864,0.2362322360277176,0.31532737612724304,0.1242559552192688,0.0,0.0,0.9692647457122803,0.07375544309616089,0.10072078555822372,0.003065346973016858,0.05648905038833618,0.26298296451568604,0.5129491090774536,0.01281178928911686,0.050981003791093826,0.3365432620048523
low/view774.mp4,0,L01,0.6071428656578064,0.2537202537059784,0.2455357164144516,0.5972846746444702,0.4241071343421936,0.16605925559997559,0.32277607917785645,0.831707239151001,0.831845223903656,0.1190476268529892,0.0491071417927742,0.15850050747394562,0.07968587428331375,0.04776603728532791,0.23184923827648163,0.2946428954601288,0.5083333253860474,0.7493143677711487,0.0982142835855484,0.785714328289032,0.1160714328289032,0.8766984343528748,0.25150904059410095,0.9330357313156128,0.39344167709350586,0.4214094579219818,0.34375,0.203125,0.0,0.0,0.922514021396637,0.04776603728532791,0.08978234231472015,0.002471524989232421,0.047803930938243866,0.36379098892211914,0.4455750584602356,0.013232948258519173,0.03734321892261505,0.36920779943466187
low/view775.mp4,0,L01,0.46964284777641296,0.28511905670166016,0.2995535731315613,0.6674712300300598,0.5846725702285767,0.14987042546272278,0.4312416613101959,0.8546910881996155,0.7684524059295654,0.10833333432674408,0.10758928209543228,0.14354823529720306,0.043682776391506195,0.05454496666789055,0.1772613227367401,0.42693451046943665,0.4583333432674408,0.7493331432342529,0.1190476194024086,0.7931548357009888,0.0877976194024086,0.8591208457946777,0.16360704600811005,0.8809524178504944,0.16292230784893036,0.16735567152500153,0.5002976059913635,0.0595238134264946,0.625,0.1474260538816452,0.9600823521614075,0.05454496666789055,0.09669826924800873,0.0033068330958485603,0.09381025284528732,0.22713503241539001,0.5199949741363525,0.01641157455742359,0.042643118649721146,0.4004046618938446
low/view776.mp4,0,L01,0.37857142090797424,0.3306547701358795,0.506944477558136,0.6757000684738159,0.6127976179122925,0.14414754509925842,0.44422584772109985,0.8647961616516113,0.7193452715873718,0.1227678582072258,0.14647817611694336,0.1362263560295105,0.02162657305598259,0.06083352118730545,0.26283398270606995,0.4224206507205963,0.4750000238418579,0.7630133628845215,0.0942460298538208,0.8583829402923584,0.0473710298538208,0.8375355005264282,0.11841380596160889,0.9213789701461792,0.10067687183618546,0.13301773369312286,0.6566964387893677,0.03125,1.0,0.1406545639038086,0.9606866240501404,0.06083352118730545,0.08289530873298645,0.003176976926624775,0.07593803107738495,0.1968342363834381,0.5656362175941467,0.030296336859464645,0.04522283375263214,0.3341998755931854
low/view777.mp4,0,L01,0.41532739996910095,0.3300595283508301,0.34538692235946655,0.6900781989097595,0.6449404954910278,0.13205501437187195,0.4867214858531952,0.8454893827438354,0.7294642925262451,0.1108631044626236,0.15967263281345367,0.13742704689502716,0.01640624925494194,0.06383037567138672,0.26424169540405273,0.43318456411361694,0.42500001192092896,0.8478853106498718,0.0,0.984375,0.015625,0.8662075400352478,0.07131563127040863,1.0,0.2536274492740631,0.34694674611091614,0.43690478801727295,0.13333334028720856,1.0,0.04661640524864197,0.9642858505249023,0.06383037567138672,0.06272462010383606,0.00392795680090785,0.058222562074661255,0.281239777803421,0.5248780846595764,0.014118335209786892,0.05488862842321396,0.3524351418018341
low/view778.mp4,0,L01,0.4404761791229248,0.2470238208770752,0.474702388048172,0.6705374121665955,0.6071428656578064,0.1603754460811615,0.4091495871543884,0.8663270473480225,0.7708333730697632,0.0744047611951828,0.1473214328289032,0.14621657133102417,0.02048390731215477,0.06793995201587677,0.21340195834636688,0.3831845223903656,0.4583333730697632,0.8254098296165466,0.0491071417927742,0.9092261791229248,0.0416666679084301,0.8731977343559265,0.08970292657613754,0.9508928656578064,0.15998391807079315,0.1551012545824051,0.5386905074119568,0.0535714291036129,1.0,0.06386838108301163,0.9479866623878479,0.06793995201587677,0.06605660170316696,0.00294114975258708,0.08562251180410385,0.09532986581325531,0.6557939052581787,0.01513656321913004,0.07911937683820724,0.43500012159347534
low/view779.mp4,0,L01,0.3508928418159485,0.5020833015441895,0.42470240592956543,0.6368664503097534,0.43244048953056335,0.11745038628578186,0.4633282423019409,0.7949604392051697,0.5514881014823914,0.21071429550647736,0.23258928954601288,0.12007298320531845,0.012975195422768593,0.06745019555091858,0.2939145565032959,0.3561011850833893,0.366666704416275,0.7772619724273682,0.0334821417927742,0.7706844806671143,0.19583334028720856,0.8302725553512573,0.17959338426589966,0.9665178656578064,0.12062086164951324,0.12005789577960968,0.5735118985176086,0.0357142873108387,1.0,0.01295175775885582,0.9552220702171326,0.06745019555091858,0.09429744631052017,0.00401555560529232,0.13077758252620697,0.05198381841182709,0.6155114769935608,0.025580627843737602,0.07783349603414536,0.3788111209869385
low/view780.mp4,0,L01,0.39791667461395264,0.5145833492279053,0.3125,0.6158570051193237,0.39375001192092896,0.13091373443603516,0.4297122359275818,0.7792030572891235,0.5166666507720947,0.1979166716337204,0.25208333134651184,0.10713213682174683,-0.0014968611067160964,0.06939396262168884,0.23752175271511078,0.43541669845581055,0.3083333373069763,0.7150155901908875,0.12708333134651184,0.6979166865348816,0.17499999701976776,0.7819152474403381,0.2199070006608963,0.8729166984558105,0.34347569942474365,0.3509376347064972,0.5041666626930237,0.1666666716337204,1.0,0.054951880127191544,0.9584605693817139,0.06939396262168884,0.12548013031482697,0.0067225550301373005,0.10802092403173447,0.16498589515686035,0.47925007343292236,0.02181699499487877,0.09372340887784958,0.31061702966690063
low/view781.mp4,0,L01,0.41874998807907104,0.3291666507720947,0.09642857313156128,0.6412907838821411,0.49523812532424927,0.1520688235759735,0.40389543771743774,0.8383867740631104,0.7270833253860474,0.0625,0.17232143878936768,0.12549066543579102,8.91122326720506e-05,0.06785281747579575,0.17624099552631378,0.48898810148239136,0.4000000059604645,0.7370520234107971,0.17232143878936768,0.8098214864730835,0.01785714365541935,0.8535763025283813,0.15199270844459534,0.8276786208152771,0.1171775534749031,0.12841011583805084,0.5645833015441895,0.03125,1.0,0.15174926817417145,0.9738224744796753,0.06785281747579575,0.1001175045967102,0.004171887878328562,0.10415229201316833,0.0771154910326004,0.6221486330032349,0.027862248942255974,0.06443195790052414,0.38396352529525757
low/view782.mp4,0,L01,0.4541667103767395,0.34583336114883423,0.1160714328289032,0.6234853267669678,0.3660714328289032,0.1267344057559967,0.4315691888332367,0.804770827293396,0.7291666865348816,0.08750000596046448,0.1547619104385376,0.13249589502811432,0.0023305974900722504,0.06671594083309174,0.13610821962356567,0.6160714626312256,0.4333333671092987,0.7608247399330139,0.1547619104385376,0.8273810148239136,0.01785714365541935,0.8532466292381287,0.13733863830566406,0.8452381491661072,0.22993230819702148,0.3754728436470032,0.5803571343421936,0.095238097012043,1.0,0.07328475266695023,0.9823830127716064,0.06671594083309174,0.10312095284461975,0.006842621602118015,0.11281058937311172,0.1356741189956665,0.545872688293457,0.028263093903660774,0.06741596013307571,0.454336017370224
low/view783.mp4,0,L01,0.5333333611488342,0.3708333671092987,0.0386904776096344,0.5949585437774658,0.2809523940086365,0.10940174758434296,0.4228914976119995,0.7541725039482117,0.6958333849906921,0.10624999552965164,0.16488094627857208,0.13660916686058044,0.0056990873999893665,0.07085824757814407,0.157114177942276,0.536309540271759,0.4083333909511566,0.7699652910232544,0.16488094627857208,0.8172619938850403,0.01785714365541935,0.9102180004119873,0.10167782008647919,0.8351191282272339,0.1755189746618271,0.20114384591579437,0.5083333253860474,0.0625,1.0,0.019776351749897003,0.981636643409729,0.07085824757814407,0.08540535718202591,0.004908991977572441,0.11394065618515015,0.1531543731689453,0.5299404263496399,0.047211576253175735,0.0654386356472969,0.4744517207145691
low/view784.mp4,0,L01,0.4244047701358795,0.38601189851760864,0.165922611951828,0.6414058208465576,0.42395836114883423,0.12442424893379211,0.4590757489204407,0.8064810633659363,0.6985118985176086,0.1034226194024086,0.17425596714019775,0.12937641143798828,0.022840440273284912,0.06056015193462372,0.14720797538757324,0.4102678596973419,0.4000000059604645,0.8190103769302368,0.09494047611951828,0.8872024416923523,0.01785714365541935,0.9124704003334045,0.08158544450998306,0.9050595760345459,0.11107522249221802,0.08999329805374146,0.555654764175415,0.0357142873108387,1.0,0.016176898032426834,0.9810506701469421,0.06056015193462372,0.07199208438396454,0.004205682314932346,0.09841570258140564,0.13755154609680176,0.5524469017982483,0.0234566368162632,0.1119314432144165,0.4882497191429138
low/view785.mp4,0,L01,0.47901785373687744,0.3605654835700989,0.24151785671710968,0.6913003921508789,0.6558036208152771,0.12752090394496918,0.4741038978099823,0.8340008854866028,0.6907738447189331,0.1837797611951828,0.12544643878936768,0.1459968537092209,0.05725141614675522,0.0587993748486042,0.23212271928787231,0.23035715520381927,0.44166669249534607,0.8089008331298828,0.0357142873108387,0.8459821939468384,0.1183035671710968,0.9025656580924988,0.15086303651332855,0.9642857313156128,0.2484455108642578,0.29607927799224854,0.35476192831993103,0.16339285671710968,1.0,0.049393173307180405,0.9231148362159729,0.0587993748486042,0.06618340313434601,0.00356661481782794,0.06862009316682816,0.3922238051891327,0.4056035876274109,0.021524703130126,0.04227782040834427,0.4069584906101227
low/view786.mp4,0,L01,0.46488094329833984,0.3514881134033203,0.36279764771461487,0.7094742059707642,0.6424107551574707,0.1533060222864151,0.4553820788860321,0.8718513250350952,0.6641369462013245,0.20967262983322144,0.12321428209543228,0.1429576277732849,0.05987899750471115,0.054458796977996826,0.21690726280212402,0.3084821403026581,0.4166666567325592,0.7423921823501587,0.0773809552192688,0.7857142686843872,0.136904776096344,0.8211941123008728,0.21705013513565063,0.9226190447807312,0.1832888275384903,0.2321852296590805,0.4508928656578064,0.1116071492433548,1.0,0.0682876780629158,0.9505091905593872,0.054458796977996826,0.12141167372465134,0.004351626615971327,0.06218434125185013,0.25115424394607544,0.45145726203918457,0.0250343419611454,0.08440650254487991,0.3549485504627228
low/view787.mp4,0,L01,0.45297619700431824,0.44186508655548096,0.4308035969734192,0.698745846748352,0.6627976298332214,0.1628170609474182,0.39853227138519287,0.911782443523407,0.558134913444519,0.36150795221328735,0.0744047611951828,0.15003041923046112,0.056904468685388565,0.06351547688245773,0.2853124439716339,0.3819940686225891,0.4750000238418579,0.673521876335144,0.08169642835855484,0.6174107193946838,0.3008928596973419,0.7647590637207031,0.42101576924324036,0.9183036088943481,0.08338746428489685,0.06382755935192108,0.5857142806053162,0.02500000037252903,1.0,0.22938522696495056,0.9591184258460999,0.06351547688245773,0.10882748663425446,0.006374763324856758,0.10831265896558762,0.1156490296125412,0.45143091678619385,0.09731128066778183,0.11209387332201004,0.3356958031654358
low/view788.mp4,0,L01,0.40044644474983215,0.4296130836009979,0.3854166567325592,0.687038779258728,0.5625,0.17319415509700775,0.3787945806980133,0.8837698101997375,0.5953869223594666,0.3087797462940216,0.0833333358168602,0.1422642022371292,0.055301323533058167,0.060792289674282074,0.17815935611724854,0.375,0.4333333373069763,0.6396368741989136,0.1770833432674408,0.6302083730697632,0.1927083432674408,0.7369852066040039,0.38520485162734985,0.8593749403953552,0.17274191975593567,0.2372855544090271,0.5260416865348816,0.0989583358168602,0.625,0.07125180959701538,0.9660224914550781,0.060792289674282074,0.06395813077688217,0.004462095908820629,0.09209327399730682,0.055685169994831085,0.666279137134552,0.057263944298028946,0.060258254408836365,0.31561627984046936
low/view789.mp4,0,L01,0.22291667759418488,0.6312499642372131,0.2291666716337204,0.6944791078567505,0.6041666865348816,0.15991467237472534,0.413482129573822,0.8637423515319824,0.4437500238418579,0.4750000536441803,0.0729166716337204,0.125349223613739,0.0593283474445343,0.05152861401438713,0.1496298611164093,0.3020833432674408,0.38333335518836975,0.7245398759841919,0.125,0.7708333134651184,0.1041666716337204,0.8368527889251709,0.21684236824512482,0.8750000596046448,0.2279815375804901,0.29485809803009033,0.59375,0.125,0.875,0.17427943646907806,0.97220778465271,0.05152861401438713,0.11548928916454315,0.005379021167755127,0.059955913573503494,0.08494870364665985,0.6539243459701538,0.015455947257578373,0.06484684348106384,0.3308282792568207
low/view790.mp4,0,L01,0.2541666626930237,0.6583333611488342,0.38333332538604736,0.6386190056800842,0.5333333015441895,0.168083056807518,0.3347591757774353,0.8221307396888733,0.397916704416275,0.5520833730697632,0.04583333432674408,0.12390394508838654,0.06428584456443787,0.04793255403637886,0.1777307242155075,0.16250000894069672,0.3750000298023224,0.703315019607544,0.12916667759418488,0.6958333253860474,0.15416665375232697,0.8324082493782043,0.23350684344768524,0.8916667103767395,0.14833612740039825,0.20815035700798035,0.6208333373069763,0.09166666865348816,1.0,0.1125311478972435,0.9719165563583374,0.04793255403637886,0.16582125425338745,0.003884789999574423,0.08988924324512482,0.07626155763864517,0.5782228708267212,0.018433764576911926,0.06748654693365097,0.38243746757507324
low/view791.mp4,0,L01,0.23125001788139343,0.65625,0.35059526562690735,0.656348466873169,0.5803571343421936,0.14828556776046753,0.42435190081596375,0.837323784828186,0.45208337903022766,0.41041669249534607,0.10952381044626236,0.120893195271492,0.05470795929431915,0.04595508426427841,0.18131358921527863,0.2839285731315613,0.40833336114883423,0.6826003789901733,0.20476190745830536,0.7208333015441895,0.0744047686457634,0.8349669575691223,0.27369362115859985,0.7952381372451782,0.08844969421625137,0.098142609000206,0.6559523940086365,0.0416666679084301,1.0,0.06420247256755829,0.9775058031082153,0.04595508426427841,0.12792176008224487,0.007476680912077427,0.10122450441122055,0.07044783234596252,0.6233317255973816,0.023616790771484375,0.0459807850420475,0.3670779764652252
low/view792.mp4,0,L01,0.300595223903656,0.5583333373069763,0.4345238208770752,0.6861647367477417,0.6577381491661072,0.18197602033615112,0.37622159719467163,0.8945074677467346,0.586904764175415,0.2815476357936859,0.1160714328289032,0.12755219638347626,0.053596604615449905,0.04700179398059845,0.21752621233463287,0.1696428656578064,0.44166669249534607,0.660637617111206,0.1517857313156128,0.6220238208770752,0.2083333432674408,0.7661435604095459,0.32508590817451477,0.8839285969734192,0.16630852222442627,0.16360534727573395,0.5029761791229248,0.092261902987957,1.0,0.010331874713301659,0.943652331829071,0.04700179398059845,0.1280839890241623,0.005626187659800053,0.10333229601383209,0.10914907604455948,0.5899920463562012,0.017967183142900467,0.04584921523928642,0.33883363008499146
low/view793.mp4,0,L01,0.30446428060531616,0.4400297701358795,0.5761904716491699,0.705181360244751,0.6845238208770752,0.17366954684257507,0.4086281955242157,0.9117468595504761,0.6058035492897034,0.29821428656578064,0.0912698432803154,0.14207912981510162,0.062257319688797,0.06167211756110191,0.3324434459209442,0.31587302684783936,0.4333333671092987,0.634212851524353,0.1121031790971756,0.5045635104179382,0.36250004172325134,0.6568179130554199,0.349528431892395,0.9474206566810608,0.07965798676013947,0.06978297978639603,0.5630952715873718,0.0,1.0,0.00880670640617609,0.9439067244529724,0.06167211756110191,0.19244995713233948,0.014049711637198925,0.06000620871782303,0.1378200352191925,0.5244155526161194,0.011148959398269653,0.06010960787534714,0.29888299107551575
low/view794.mp4,0,L01,0.14374999701976776,0.5166666507720947,0.38333335518836975,0.6367730498313904,0.5077381134033203,0.17336009442806244,0.38677501678466797,0.8504387140274048,0.5458333492279053,0.30416667461395264,0.12142857164144516,0.12016274034976959,0.059589944779872894,0.04782455787062645,0.2856862246990204,0.3172619044780731,0.42500001192092896,0.6241514086723328,0.19583334028720856,0.5875000357627869,0.23452381789684296,0.7068668603897095,0.3736468553543091,0.822023868560791,0.27902451157569885,0.40365707874298096,0.4767857491970062,0.1071428582072258,1.0,0.010908633470535278,0.9438223242759705,0.04782455787062645,0.09401844441890717,0.002530195051804185,0.06196661293506622,0.2019834965467453,0.5944923162460327,0.006350320763885975,0.03865864500403404,0.23380368947982788
low/view795.mp4,0,L01,0.16250000894069672,0.5062500238418579,0.33869048953056335,0.6159499287605286,0.5046131014823914,0.16701528429985046,0.3578347861766815,0.8263300061225891,0.5499999523162842,0.2562500238418579,0.15223215520381927,0.12233029305934906,0.04326522350311279,0.05612989887595177,0.20208418369293213,0.31488096714019775,0.45000001788139343,0.6388965249061584,0.2638392746448517,0.6360118985176086,0.11577381193637848,0.7467077374458313,0.47015291452407837,0.7830357551574707,0.046922460198402405,0.05016264319419861,0.6788690686225891,0.0,1.0,0.010419392958283424,0.9570685625076294,0.05612989887595177,0.1278538554906845,0.0024676674511283636,0.05452730506658554,0.19148266315460205,0.5563206076622009,0.008975781500339508,0.058372121304273605,0.3137059807777405
low/view796.mp4,0,L01,0.07500000298023224,0.5916666388511658,0.2410714328289032,0.593950092792511,0.37916669249534607,0.16886544227600098,0.356426864862442,0.8173529505729675,0.5041666626930237,0.23541668057441711,0.20892858505249023,0.10376571118831635,0.03698590025305748,0.04494797810912132,0.15978005528450012,0.3523809611797333,0.4000000059604645,0.646858274936676,0.22380952537059784,0.6446428298950195,0.13154761493206024,0.743559718132019,0.307894229888916,0.7940476536750793,0.09908983111381531,0.15815603733062744,0.7267857193946838,0.0565476194024086,1.0,0.029627725481987,0.9547845125198364,0.04494797810912132,0.10850383341312408,0.002058310667052865,0.038778819143772125,0.08874702453613281,0.7304238080978394,0.005047026555985212,0.026441216468811035,0.30566057562828064
low/view797.mp4,0,L01,0.22380954027175903,0.46369051933288574,0.3995535671710968,0.6554486751556396,0.546875,0.15061365067958832,0.40773653984069824,0.8384087085723877,0.5999999642372131,0.19107143580913544,0.1808035671710968,0.1208084300160408,0.04326307401061058,0.0461554154753685,0.18731112778186798,0.1473214328289032,0.4583333730697632,0.6764323711395264,0.1450892984867096,0.65625,0.2165178507566452,0.7507932186126709,0.2939970791339874,0.8727679252624512,0.09465831518173218,0.13496829569339752,0.7648809552192688,0.0357142873108387,1.0,0.13564857840538025,0.9653154611587524,0.0461554154753685,0.0567227266728878,0.002550194738432765,0.11239682137966156,0.06773485988378525,0.6983177661895752,0.010812048800289631,0.051465582102537155,0.32756099104881287
low/view798.mp4,0,L01,0.21785713732242584,0.6059523820877075,0.445932537317276,0.6255484223365784,0.6054067611694336,0.17625941336154938,0.3035813868045807,0.8106948137283325,0.5952380895614624,0.2785714566707611,0.0969742089509964,0.12947866320610046,0.07198886573314667,0.04483907297253609,0.19697414338588715,0.0987103134393692,0.5249999761581421,0.6149866580963135,0.2797619104385376,0.6076388955116272,0.1403769850730896,0.7012664079666138,0.49940812587738037,0.7341269850730896,0.04947476089000702,0.07327990978956223,0.7723214030265808,0.01785714365541935,1.0,0.13311243057250977,0.953922688961029,0.04483907297253609,0.07601922005414963,0.0025645631831139326,0.06656529009342194,0.04688092693686485,0.7372498512268066,0.01310718897730112,0.057612933218479156,0.3765764534473419
low/view799.mp4,0,L01,0.15000000596046448,0.375,0.454365074634552,0.6435443162918091,0.5915178656578064,0.15605159103870392,0.33280685544013977,0.8041107654571533,0.7166666984558105,0.18958334624767303,0.0699404776096344,0.1276453733444214,0.07919535040855408,0.0340702086687088,0.2422625720500946,0.110863097012043,0.4750000238418579,0.5925520062446594,0.2247024029493332,0.5783730149269104,0.19692462682724,0.7038598656654358,0.4371984601020813,0.7752976417541504,0.2958903908729553,0.31446361541748047,0.4440476596355438,0.23988094925880432,1.0,0.02453242987394333,0.9604923725128174,0.0340702086687088,0.03737058490514755,0.0028677750378847122,0.0858628898859024,0.048904769122600555,0.6870060563087463,0.022905075922608376,0.11508285254240036,0.34129467606544495
low/view846.mp4,0,L02,0.2470238208770752,0.601190447807312,0.4352678656578064,0.6086271405220032,0.3787202537059784,0.12391477078199387,0.4611726403236389,0.8118652105331421,0.4345238208770752,0.136904776096344,0.3943452537059784,0.0276686679571867,-0.18124715983867645,0.1377602517604828,0.2567296326160431,0.3065476417541504,0.4833333492279053,0.6305698752403259,0.0825892835855484,0.5855655074119568,0.3318452537059784,0.6233765482902527,0.2994256913661957,0.9174107313156128,0.09803225100040436,0.1298471838235855,0.6569940447807312,0.01785714365541935,1.0,0.11191319674253464,0.972951352596283,0.1377602517604828,0.07482477277517319,0.0034108504187315702,0.04338378831744194,0.252941757440567,0.5427787899971008,0.013212081976234913,0.06944791227579117,0.2995535433292389
low/view847.mp4,0,L02,0.2998512089252472,0.4672619104385376,0.403769850730896,0.590374767780304,0.3405257761478424,0.18108057975769043,0.2516763508319855,0.8476253747940063,0.5892857313156128,0.2864583432674408,0.11041666567325592,0.11300832033157349,-0.008728675544261932,0.06037572771310806,0.28598329424858093,0.26820439100265503,0.550000011920929,0.6304230093955994,0.17202381789684296,0.6156745553016663,0.2261904925107956,0.7204583883285522,0.4864291846752167,0.841865062713623,0.08978696912527084,0.09642879664897919,0.5702381134033203,0.02812499925494194,0.5,0.1286388784646988,0.8800326585769653,0.06037572771310806,0.06541207432746887,0.0038007015828043222,0.05444273725152016,0.22352412343025208,0.594954252243042,0.014991951175034046,0.04287413880228996,0.347716361284256
low/view848.mp4,0,L02,0.4821428656578064,0.4821428656578064,0.44692462682724,0.670333981513977,0.5270337462425232,0.1485367864370346,0.432114839553833,0.886695146560669,0.6071428656578064,0.2321428656578064,0.1443452537059784,0.12564678490161896,0.005746872164309025,0.058117128908634186,0.23066353797912598,0.3355654776096344,0.5166666507720947,0.6698758006095886,0.0868055522441864,0.7075892686843872,0.2056051641702652,0.6783623695373535,0.3568724989891052,0.9131944179534912,0.027767257764935493,0.0325271338224411,0.8454861044883728,0.0,0.75,0.14493398368358612,0.8951966762542725,0.058117128908634186,0.041009217500686646,0.004028589464724064,0.04432249814271927,0.2604435384273529,0.580542266368866,0.010416220873594284,0.059237685054540634,0.40489527583122253
low/view849.mp4,0,L02,0.3727678656578064,0.5803571939468384,0.6076388955116272,0.6785469055175781,0.5959821343421936,0.13977226614952087,0.4804927110671997,0.8865337371826172,0.5,0.2924107313156128,0.1989087462425232,0.11462964117527008,0.0020970278419554234,0.06081709265708923,0.30500778555870056,0.1894841194152832,0.5333333611488342,0.7077315449714661,0.0434027761220932,0.6478174924850464,0.324404776096344,0.7716292142868042,0.31647029519081116,0.9722222089767456,0.07117417454719543,0.13759562373161316,0.7829861044883728,0.0295138880610466,1.0,0.12838095426559448,0.9665364623069763,0.06081709265708923,0.07558616995811462,0.005004465579986572,0.08080296963453293,0.18494072556495667,0.4794308841228485,0.08446037769317627,0.08977445214986801,0.39397376775741577
low/view850.mp4,0,L02,0.2857142686843872,0.53125,0.6867559552192688,0.7081069350242615,0.6867560148239136,0.14218083024024963,0.4860617518424988,0.8908342123031616,0.46875,0.3638392984867096,0.1594742089509964,0.1137172058224678,0.003616081550717354,0.05473971366882324,0.27373746037483215,0.3439980149269104,0.5333333611488342,0.676416277885437,0.0590277761220932,0.5508432388305664,0.3901289701461792,0.7287038564682007,0.4106179177761078,0.9409722089767456,0.0442846417427063,0.06482348591089249,0.7723214626312256,0.015625,1.0,0.056151919066905975,0.965757429599762,0.05473971366882324,0.038569800555706024,0.0028584033716470003,0.04748697578907013,0.1439657062292099,0.6484086513519287,0.023667871952056885,0.09504269063472748,0.3803088068962097
low/view851.mp4,0,L02,0.3194444179534912,0.4275793731212616,0.6183531880378723,0.7255385518074036,0.7153273820877075,0.14570415019989014,0.47258520126342773,0.8943567276000977,0.601934552192688,0.2125495970249176,0.17113097012043,0.11383397877216339,-0.020374692976474762,0.0639881119132042,0.25671765208244324,0.17648810148239136,0.5666666626930237,0.6355006098747253,0.06840278208255768,0.5170139074325562,0.41458332538604736,0.6433049440383911,0.4494295120239258,0.9315972328186035,0.07895007729530334,0.1179489716887474,0.6871032118797302,0.012500000186264515,1.0,0.021370140835642815,0.9593755006790161,0.0639881119132042,0.08152908086776733,0.0037086328957229853,0.08551812171936035,0.164467453956604,0.5896729230880737,0.019892306998372078,0.055211424827575684,0.3487435579299927
low/view852.mp4,0,L02,0.3152281641960144,0.396577388048172,0.5515376925468445,0.7626450657844543,0.790029764175415,0.13017918169498444,0.5433017611503601,0.9242587089538574,0.7061011791229248,0.1540178656578064,0.13224205374717712,0.12293202430009842,0.012648561969399452,0.053513526916503906,0.25951170921325684,0.2720238268375397,0.5249999761581421,0.6776140928268433,0.02638888917863369,0.6266369223594666,0.3469742238521576,0.7341727614402771,0.3846692442893982,0.9736111164093018,0.09962412714958191,0.1133553609251976,0.5615079402923584,0.01785714365541935,1.0,0.02865634858608246,0.9545328617095947,0.053513526916503906,0.1350899338722229,0.003295034868642688,0.08635911345481873,0.14086288213729858,0.5782696604728699,0.012660931795835495,0.04346243664622307,0.3957722783088684
low/view853.mp4,0,L02,0.5379464626312256,0.2782738208770752,0.578869104385376,0.7517645359039307,0.8095238208770752,0.1668316274881363,0.4233133792877197,0.9310494065284729,0.7790178656578064,0.0885416716337204,0.1212797686457634,0.1383821964263916,0.02843756228685379,0.05153699219226837,0.3036135137081146,0.2202380895614624,0.4750000238418579,0.6647129058837891,0.0691964328289032,0.558779776096344,0.3898809552192688,0.6819796562194824,0.4372807443141937,0.9308035969734192,0.12135985493659973,0.19075514376163483,0.6502976417541504,0.0386904776096344,1.0,0.015484180301427841,0.8775691390037537,0.05153699219226837,0.06478632241487503,0.003324914490804076,0.10326394438743591,0.06118389964103699,0.6870924234390259,0.02896808087825775,0.05138044431805611,0.3890111446380615
low/view854.mp4,0,L02,0.267857164144516,0.2827380895614624,0.4203869104385376,0.7417238354682922,0.773809552192688,0.14621810615062714,0.48635226488113403,0.9223952293395996,0.7559524178504944,0.0535714328289032,0.1793154776096344,0.1276061087846756,0.03527863323688507,0.0459030419588089,0.26804018020629883,0.1741071492433548,0.45833340287208557,0.694146454334259,0.046875,0.6889880895614624,0.2641369104385376,0.7290170192718506,0.33545905351638794,0.953125,0.06335267424583435,0.091555155813694,0.7760416865348816,0.015625,1.0,0.08662072569131851,0.96112060546875,0.0459030419588089,0.05161743983626366,0.003780877450481057,0.057794615626335144,0.14098258316516876,0.6373569965362549,0.040432408452034,0.06803511083126068,0.39238443970680237
low/view855.mp4,0,L02,0.33080360293388367,0.36026787757873535,0.4389881193637848,0.7188997268676758,0.6489087343215942,0.15081076323986053,0.4903581738471985,0.9159801006317139,0.708928644657135,0.0848214253783226,0.19781745970249176,0.12684689462184906,0.03291766345500946,0.05271817743778229,0.27032071352005005,0.19613096117973328,0.49166667461395264,0.6850806474685669,0.0451388880610466,0.7351190447807312,0.2197420746088028,0.7314044237136841,0.25461938977241516,0.9548611044883728,0.13846319913864136,0.19148534536361694,0.679315447807312,0.0669642835855484,1.0,0.11796874552965164,0.9687542915344238,0.05271817743778229,0.09869178384542465,0.00358855864033103,0.0680103674530983,0.08216273039579391,0.6572344303131104,0.019209785386919975,0.0711023285984993,0.37282538414001465
low/view856.mp4,0,L02,0.5065476298332214,0.3970238268375397,0.4653273820877075,0.7351512312889099,0.6809524297714233,0.20943212509155273,0.3737167716026306,0.935028612613678,0.6636905074119568,0.17351190745830536,0.14077380299568176,0.1300605833530426,0.03292831778526306,0.05390220880508423,0.379696786403656,0.17202380299568176,0.4416666626930237,0.5930114984512329,0.16264881193637848,0.5495535731315613,0.30342262983322144,0.6442849636077881,0.38754016160964966,0.8686011433601379,0.06116752326488495,0.07366476207971573,0.75,0.02083333395421505,1.0,0.07926628738641739,0.8942353129386902,0.05390220880508423,0.07535361498594284,0.0026815449818968773,0.07714387029409409,0.05165131017565727,0.7441630363464355,0.009912380948662758,0.039094265550374985,0.2999681532382965
low/view857.mp4,0,L02,0.35952380299568176,0.34985119104385376,0.46091270446777344,0.751087486743927,0.6629960536956787,0.164631649851799,0.46081364154815674,0.918459415435791,0.697023868560791,0.14107142388820648,0.14975199103355408,0.1311071366071701,0.03452204167842865,0.050960473716259,0.41484516859054565,0.09717261791229248,0.4583333730697632,0.6703358292579651,0.0734127014875412,0.6095238327980042,0.36964282393455505,0.7277134656906128,0.36214137077331543,0.9444444179534912,0.10682862997055054,0.16189050674438477,0.7041666507720947,0.02500000037252903,1.0,0.04970906674861908,0.939976155757904,0.050960473716259,0.053277187049388885,0.002683469094336033,0.08277818560600281,0.08515162765979767,0.6988136768341064,0.017707787454128265,0.05958811938762665,0.34524428844451904
low/view858.mp4,0,L02,0.337797611951828,0.4203869104385376,0.5044642686843872,0.7084315419197083,0.6076388955116272,0.14420104026794434,0.4438190758228302,0.8954235315322876,0.7373512387275696,0.1361607164144516,0.1125992015004158,0.1317024528980255,0.04252779111266136,0.04602312669157982,0.3989308774471283,0.25471231341362,0.5249999761581421,0.662407636642456,0.1242559477686882,0.6433531641960144,0.2658730149269104,0.7609215378761292,0.4029269814491272,0.8936011791229248,0.04575027897953987,0.03512512147426605,0.760664701461792,0.0,1.0,0.1591525375843048,0.968093991279602,0.04602312669157982,0.0328650139272213,0.0029609454795718193,0.07360421121120453,0.1505199372768402,0.6691480875015259,0.019779259338974953,0.05112258717417717,0.39931321144104004
low/view859.mp4,0,L02,0.31607145071029663,0.35654762387275696,0.5778273940086365,0.6996293067932129,0.5934523940086365,0.12627428770065308,0.4897784888744354,0.8474969267845154,0.7988095879554749,0.02083333395421505,0.17514881491661072,0.13004803657531738,0.02272639609873295,0.054654788225889206,0.36567962169647217,0.26577380299568176,0.3916666805744171,0.7135590314865112,0.0699404776096344,0.586904764175415,0.38184526562690735,0.7940096855163574,0.34342098236083984,0.96875,0.08966562896966934,0.11137615889310837,0.7916666865348816,0.0416666679084301,1.0,0.11002649366855621,0.9887101650238037,0.054654788225889206,0.0233454667031765,0.0036976963747292757,0.08214188367128372,0.06714573502540588,0.6966784596443176,0.023763950914144516,0.10322687774896622,0.39755523204803467
low/view860.mp4,0,L02,0.40416666865348816,0.42500001192092896,0.5452381372451782,0.706490159034729,0.6672618985176086,0.12943214178085327,0.4857165813446045,0.8749401569366455,0.7666666507720947,0.0625,0.16785714030265808,0.13233518600463867,0.019149240106344223,0.05796617642045021,0.31600692868232727,0.12321428954601288,0.4000000059604645,0.7532215118408203,0.01785714365541935,0.6464285850524902,0.33571428060531616,0.8841997385025024,0.2958269715309143,0.9821428656578064,0.042869891971349716,0.0336248017847538,0.762499988079071,0.0,1.0,0.1394260823726654,0.9845832586288452,0.05796617642045021,0.0352795347571373,0.004619771149009466,0.10948523879051208,0.1023181602358818,0.6299704313278198,0.017822520807385445,0.10050429403781891,0.3370407819747925
low/view861.mp4,0,L02,0.45476189255714417,0.33869048953056335,0.5333333611488342,0.7534052729606628,0.8113096356391907,0.15467774868011475,0.4836827516555786,0.918733537197113,0.8113095164299011,0.0595238134264946,0.11726190894842148,0.145097017288208,0.034750983119010925,0.05838150903582573,0.32749509811401367,0.1250000149011612,0.4416666626930237,0.691980242729187,0.0892857164144516,0.6226190328598022,0.28809523582458496,0.804764449596405,0.3284606635570526,0.910714328289032,0.19460152089595795,0.30544763803482056,0.735714316368103,0.09642857313156128,1.0,0.07305091619491577,0.9794519543647766,0.05838150903582573,0.02796292118728161,0.0025841540191322565,0.10830553621053696,0.07555844634771347,0.669840395450592,0.014573927037417889,0.10117459297180176,0.3856959939002991
low/view862.mp4,0,L02,0.4732142984867096,0.3214285671710968,0.5089285969734192,0.8090085983276367,0.9434524178504944,0.12039162963628769,0.6074749827384949,0.9450814723968506,0.833333432674408,0.127976194024086,0.0386904776096344,0.15812291204929352,0.08046264946460724,0.05012309178709984,0.35395824909210205,0.1250000149011612,0.44166669249534607,0.7938541173934937,0.01785714365541935,0.8660714626312256,0.1160714328289032,0.8392659425735474,0.1634429395198822,1.0,0.2236962467432022,0.31248483061790466,0.5029761791229248,0.0982142835855484,1.0,0.04854046180844307,0.9809502959251404,0.05012309178709984,0.06167500466108322,0.005601195618510246,0.060448355972766876,0.06596017628908157,0.6537067890167236,0.022403893992304802,0.13020458817481995,0.44998449087142944
low/view863.mp4,0,L02,0.255952388048172,0.3303571343421936,0.4466766119003296,0.7929293513298035,0.9208829402923584,0.1330307424068451,0.5262434482574463,0.9366258978843689,0.8511905074119568,0.130952388048172,0.01785714365541935,0.14365851879119873,0.09336280077695847,0.033705759793519974,0.34351709485054016,0.189236119389534,0.4833333492279053,0.7544229030609131,0.076884925365448,0.7090774178504944,0.2614087462425232,0.8689671754837036,0.269229531288147,0.938740074634552,0.13430839776992798,0.13445572555065155,0.625,0.0357142873108387,1.0,0.07888301461935043,0.9652519822120667,0.033705759793519974,0.0860007256269455,0.008503545075654984,0.07263391464948654,0.09614766389131546,0.5675515532493591,0.022931423038244247,0.14623114466667175,0.4225510060787201
low/view864.mp4,0,L02,0.12738996744155884,0.6435787081718445,0.6548025012016296,0.6847128868103027,0.6235525012016296,0.1671219915151596,0.3413945436477661,0.8864724636077881,0.5661526322364807,0.39813312888145447,0.0334821417927742,0.11862673610448837,0.0733145996928215,0.027521658688783646,0.5122106075286865,0.17892765998840332,0.550000011920929,0.6421270370483398,0.04201389104127884,0.5541892051696777,0.40379688143730164,0.6812068819999695,0.2949405014514923,0.9579861164093018,0.13680237531661987,0.10703543573617935,0.350942462682724,0.0503472238779068,0.5,0.09054526686668396,0.9441542625427246,0.027521658688783646,0.05493249371647835,0.0031648927833884954,0.05584271624684334,0.07172497361898422,0.6943264007568359,0.013660992495715618,0.10634753108024597,0.30836036801338196
low/view865.mp4,0,L02,0.0930059477686882,0.7552083134651184,0.7891864776611328,0.7150834202766418,0.7859622836112976,0.15951679646968842,0.3772544860839844,0.9161998629570007,0.4774305522441864,0.4930555522441864,0.0295138880610466,0.12155432999134064,0.0745990201830864,0.030322806909680367,0.6255868077278137,0.2125496119260788,0.5,0.6839123368263245,0.0317460335791111,0.6651785969734192,0.253472238779068,0.70823734998703,0.22836488485336304,1.0,0.23983609676361084,0.23298083245754242,0.5558035969734192,0.1250000149011612,0.75,0.13310037553310394,0.829064667224884,0.030322806909680367,0.029517652466893196,0.0020077587105333805,0.04541866481304169,0.06363161653280258,0.7873905897140503,0.012428338639438152,0.059605423361063004,0.3085142970085144
low/view866.mp4,0,L02,0.04285714402794838,0.8235119581222534,0.761904776096344,0.7009782195091248,0.7267857193946838,0.2011992186307907,0.33384039998054504,0.9461014866828918,0.26875001192092896,0.7133928537368774,0.01785714365541935,0.10924671590328217,0.08315291255712509,0.02142990753054619,0.5333490967750549,0.19880951941013336,0.4166666865348816,0.6718176603317261,0.09642857313156128,0.6202381253242493,0.3053571581840515,0.7171245813369751,0.22897778451442719,0.9392857551574707,0.14149896800518036,0.23086242377758026,0.6619047522544861,0.08154762536287308,1.0,0.03886862099170685,0.7796454429626465,0.02142990753054619,0.02627408690750599,0.003983921371400356,0.05777538940310478,0.09803515672683716,0.7338327765464783,0.022887524217367172,0.05721115693449974,0.2727682590484619
low/view867.mp4,0,L02,0.06666667014360428,0.8205357193946838,0.44627976417541504,0.5964298248291016,0.37708336114883423,0.19009806215763092,0.25860169529914856,0.8609192371368408,0.25982144474983215,0.6348214745521545,0.0900297611951828,0.09928564727306366,0.04963761568069458,0.03628145158290863,0.37873098254203796,0.23854167759418488,0.4333333671092987,0.6165058612823486,0.17157739400863647,0.5983631014823914,0.26577383279800415,0.6213411688804626,0.32854214310646057,0.8671131134033203,0.10709047317504883,0.143014594912529,0.6666666865348816,0.0416666679084301,1.0,0.051864106208086014,0.7090758085250854,0.03628145158290863,0.03882430121302605,0.0018092179670929909,0.06135854870080948,0.07195921242237091,0.7416316270828247,0.015665940940380096,0.06875111162662506,0.20325395464897156
low/view868.mp4,0,L02,0.0,0.9404761791229248,0.2708333432674408,0.5238163471221924,0.2519841194152832,0.1852639764547348,0.19409716129302979,0.7797523736953735,0.0595238134264946,0.5886905193328857,0.3194444477558136,0.07406800985336304,0.006733431480824947,0.03968227654695511,0.3648712933063507,0.3194444477558136,0.4500000476837158,0.6161137223243713,0.16170634329319,0.58432537317276,0.236111119389534,0.655138373374939,0.32496216893196106,0.91567462682724,0.06118639558553696,0.09237079322338104,0.7976190447807312,0.01785714365541935,1.0,0.06928082555532455,0.5767899751663208,0.03968227654695511,0.036541543900966644,0.002452040556818247,0.050586096942424774,0.16777920722961426,0.6797167062759399,0.019191039726138115,0.043733298778533936,0.17653802037239075
low/view869.mp4,0,L02,0.0607638880610466,0.7929067611694336,0.3444940745830536,0.6477060317993164,0.4288194477558136,0.17178578674793243,0.38149338960647583,0.9287874102592468,0.2723214328289032,0.5411706566810608,0.1865079402923584,0.09380844980478287,0.008600432425737381,0.04279884696006775,0.2950703203678131,0.2946428656578064,0.5000000596046448,0.6867491602897644,0.01785714365541935,0.7006449103355408,0.2457837462425232,0.7581886053085327,0.2916070222854614,1.0,0.14096739888191223,0.20290207862854004,0.7403273582458496,0.0803571417927742,1.0,0.12070869654417038,0.8463464975357056,0.04279884696006775,0.037221502512693405,0.002813062397763133,0.04750365391373634,0.09379764646291733,0.7560926675796509,0.018879402428865433,0.04369204863905907,0.28905606269836426
low/view870.mp4,0,L02,0.1242559477686882,0.6096230149269104,0.5270337462425232,0.6750866770744324,0.5314980149269104,0.2143021523952484,0.2931475341320038,0.9586093425750732,0.4238591194152832,0.4045138955116272,0.1654265820980072,0.10706406831741333,0.005395472981035709,0.05028450861573219,0.330190509557724,0.259672611951828,0.550000011920929,0.6412031650543213,0.0607638880610466,0.557539701461792,0.4089781641960144,0.6861575841903687,0.35301345586776733,0.9548611044883728,0.15882568061351776,0.21560445427894592,0.6703869104385376,0.0825892835855484,1.0,0.1471123844385147,0.8332825303077698,0.05028450861573219,0.06097819283604622,0.002788144862279296,0.0442073754966259,0.24750372767448425,0.6138173341751099,0.007786441594362259,0.022918859496712685,0.26005998253822327
low/view871.mp4,0,L02,0.0513392873108387,0.7760416865348816,0.5171130895614624,0.6308704018592834,0.4146825671195984,0.14559438824653625,0.3867669701576233,0.8413044214248657,0.3296131193637848,0.515625,0.1495535671710968,0.09856227785348892,0.00714354682713747,0.04447852075099945,0.36542782187461853,0.2495039999485016,0.5000000596046448,0.6665068864822388,0.02777777798473835,0.538194477558136,0.4340277910232544,0.6886208057403564,0.2696536183357239,0.9722222089767456,0.06858151406049728,0.05757845193147659,0.6666666865348816,0.0,0.375,0.017241617664694786,0.9159560203552246,0.04447852075099945,0.039934154599905014,0.0027854612562805414,0.04448596015572548,0.29660528898239136,0.5299023389816284,0.01584513671696186,0.07044171541929245,0.22667822241783142
low/view872.mp4,0,L02,0.1545138955116272,0.7690972089767456,0.5173611044883728,0.6971015334129333,0.5625,0.17063108086585999,0.41728097200393677,0.9402937293052673,0.2934027910232544,0.5833333730697632,0.1215277761220932,0.10188839584589005,0.004758070223033428,0.045934103429317474,0.3520234227180481,0.1822916716337204,0.550000011920929,0.6547554731369019,0.013888888992369175,0.5572916269302368,0.4288194477558136,0.6539337635040283,0.3018370568752289,0.9861111044883728,0.08190809935331345,0.1530253291130066,0.78125,0.03125,1.0,0.10407838225364685,0.956291675567627,0.045934103429317474,0.032589979469776154,0.0028277321252971888,0.058017246425151825,0.11214331537485123,0.7005812525749207,0.019533315673470497,0.07430721074342728,0.2722651958465576
low/view873.mp4,0,L02,0.0334821417927742,0.7424919009208679,0.44602271914482117,0.6875512003898621,0.6416802406311035,0.13111679255962372,0.49205273389816284,0.9027603268623352,0.3384740352630615,0.5323457717895508,0.1291801929473877,0.10066583752632141,0.011078977026045322,0.03934413939714432,0.31476861238479614,0.20754870772361755,0.5833333134651184,0.6986476182937622,0.0,0.6545454263687134,0.34545454382896423,0.7039227485656738,0.27840667963027954,1.0,0.05176892876625061,0.05907866358757019,0.7508387565612793,0.0,1.0,0.16174517571926117,0.961013913154602,0.03934413939714432,0.05065622925758362,0.004540527705103159,0.08291380107402802,0.08750490844249725,0.6505516171455383,0.032215896993875504,0.09161696583032608,0.33129405975341797
low/view874.mp4,0,L02,0.0491071417927742,0.9017857313156128,0.3586309552192688,0.6821879148483276,0.5957341194152832,0.1188715398311615,0.5,0.8517176508903503,0.1733631044626236,0.6351686716079712,0.1914682686328888,0.08836635202169418,0.01260283961892128,0.036301977932453156,0.3213781416416168,0.1480654776096344,0.5583332777023315,0.7585382461547852,0.0,0.8583829402923584,0.1416170597076416,0.7480490207672119,0.18662884831428528,1.0,0.10589232295751572,0.17838212847709656,0.7204861044883728,0.0513392873108387,1.0,0.08406714349985123,0.9846336841583252,0.036301977932453156,0.06637537479400635,0.003405242459848523,0.08986341208219528,0.1482488363981247,0.6138559579849243,0.020325403660535812,0.0579257532954216,0.2900906801223755
low/view875.mp4,0,L02,0.1254960298538208,0.7646329402923584,0.365327388048172,0.6805222034454346,0.5617559552192688,0.11131689697504044,0.5,0.8364202380180359,0.3514384925365448,0.4913194477558136,0.1572420746088028,0.09945647418498993,0.00854420755058527,0.045722849667072296,0.3999404311180115,0.22420634329319,0.5250000357627869,0.727755606174469,0.0,0.7467758059501648,0.2532241940498352,0.7172235250473022,0.2729640305042267,1.0,0.1953573226928711,0.2562255859375,0.6517857313156128,0.0959821417927742,1.0,0.12929382920265198,0.9863801002502441,0.045722849667072296,0.0636085569858551,0.0032959531527012587,0.06494647264480591,0.22657713294029236,0.5415124893188477,0.030499888584017754,0.06955952197313309,0.3609403669834137
low/view876.mp4,0,L02,0.05277777835726738,0.7670139074325562,0.4368055760860443,0.6370383501052856,0.4090277850627899,0.12430373579263687,0.47005486488342285,0.8258899450302124,0.3559027910232544,0.45451390743255615,0.18958334624767303,0.09550652652978897,0.019487226381897926,0.04214669391512871,0.4572468400001526,0.18819445371627808,0.6083332896232605,0.7131697535514832,0.0,0.7527777552604675,0.23333333432674408,0.7367534637451172,0.22908170521259308,1.0,0.10926973074674606,0.15090912580490112,0.6163194179534912,0.03125,1.0,0.03301895782351494,0.9486511945724487,0.04214669391512871,0.06728187948465347,0.004078369587659836,0.03322368860244751,0.2490781992673874,0.5114481449127197,0.04441957548260689,0.090470090508461,0.3670165538787842
low/view877.mp4,0,L02,0.26047980785369873,0.5723484754562378,0.5545454025268555,0.6605215072631836,0.5698232650756836,0.1355736255645752,0.48557576537132263,0.8515061736106873,0.4554293155670166,0.3079545497894287,0.23661616444587708,0.11369282752275467,0.02470157854259014,0.059464845806360245,0.38993072509765625,0.2729797959327698,0.6416666507720947,0.7587697505950928,0.0,0.7689393758773804,0.23106062412261963,0.7627077698707581,0.1729881912469864,1.0,0.12336374074220657,0.18192468583583832,0.6413193941116333,0.0416666679084301,1.0,0.10874920338392258,0.9771264791488647,0.059464845806360245,0.13067121803760529,0.006287998519837856,0.05611127242445946,0.17053896188735962,0.5154584050178528,0.04535609483718872,0.0755760595202446,0.37352490425109863
low/view878.mp4,0,L02,0.3342757821083069,0.6112103462219238,0.5638889074325562,0.6961355805397034,0.5973710417747498,0.11964311450719833,0.51959627866745,0.8411612510681152,0.42450398206710815,0.3922123312950134,0.1832837462425232,0.11605356633663177,0.035552892833948135,0.051156219094991684,0.39166873693466187,0.26051589846611023,0.5666666626930237,0.7625588774681091,0.0,0.7358630895614624,0.2641369104385376,0.7838401794433594,0.17870159447193146,1.0,0.311125785112381,0.44150179624557495,0.5039682984352112,0.190476194024086,1.0,0.07019559293985367,0.9750006198883057,0.051156219094991684,0.1025422215461731,0.004512204322963953,0.051278043538331985,0.11624675244092941,0.6364697813987732,0.0220793467015028,0.06687160581350327,0.4068482220172882
low/view879.mp4,0,L02,0.24068814516067505,0.6386679410934448,0.2747159004211426,0.7022428512573242,0.6690341234207153,0.11524683982133865,0.5022234916687012,0.8466220498085022,0.4578598439693451,0.4076073169708252,0.1345328390598297,0.11361149698495865,0.03237162530422211,0.04725014790892601,0.266755610704422,0.39908459782600403,0.6166666746139526,0.8040156960487366,0.0,0.8975694179534912,0.1024305522441864,0.836406946182251,0.15405447781085968,1.0,0.19975188374519348,0.22520938515663147,0.4097222089767456,0.08888888359069824,1.0,0.008688542060554028,0.9845830798149109,0.04725014790892601,0.03903526812791824,0.003119252622127533,0.06295724958181381,0.06467132270336151,0.7570265531539917,0.020208902657032013,0.05298144370317459,0.46337631344795227
low/view880.mp4,0,L02,0.10795454680919647,0.6918560862541199,0.4472222626209259,0.6935641765594482,0.6383206844329834,0.1285858452320099,0.5,0.864706814289093,0.34147727489471436,0.40435606241226196,0.2541666626930237,0.09504971653223038,0.0159213338047266,0.05016453564167023,0.23050720989704132,0.3583964705467224,0.699999988079071,0.8186010718345642,0.0,0.9520202279090881,0.047979798167943954,0.8146716356277466,0.1709718555212021,1.0,0.23630715906620026,0.37344157695770264,0.5159090757369995,0.12095959484577179,1.0,0.05807711184024811,0.9767758250236511,0.05016453564167023,0.05523596331477165,0.003337062196806073,0.0866224616765976,0.1100693866610527,0.6122374534606934,0.022638972848653793,0.1098586842417717,0.4449146091938019
low/view882.mp4,0,L02,0.02500000037252903,0.8106061220169067,0.4683712124824524,0.6657077670097351,0.4371212124824524,0.14099806547164917,0.5,0.8493410348892212,0.20189395546913147,0.4725378751754761,0.32556819915771484,0.07590244710445404,0.007519240491092205,0.04400216415524483,0.2079579085111618,0.2589015066623688,0.7083332538604736,0.7963816523551941,0.0,0.8928030729293823,0.10719697922468185,0.8185983896255493,0.14354436099529266,1.0,0.0309017114341259,0.03888656944036484,0.8386363387107849,0.012500000186264515,1.0,0.014347855001688004,0.989136278629303,0.04400216415524483,0.06987830996513367,0.0059400275349617004,0.1314808428287506,0.08947800099849701,0.5349400043487549,0.03882802650332451,0.12945488095283508,0.3082924485206604
low/view883.mp4,0,L02,0.03775252401828766,0.766351044178009,0.41824495792388916,0.6393166184425354,0.3580176830291748,0.13438676297664642,0.5,0.8585009574890137,0.2563762664794922,0.34526515007019043,0.39835861325263977,0.0794827863574028,0.010755068622529507,0.04675457626581192,0.2041098177433014,0.2228851020336151,0.6500000357627869,0.7533643245697021,0.0,0.743087112903595,0.25691288709640503,0.7618275880813599,0.2042859047651291,1.0,0.05329565703868866,0.08035002648830414,0.8236110806465149,0.02500000037252903,1.0,0.09585048258304596,0.9905620813369751,0.04675457626581192,0.08966288715600967,0.005352221429347992,0.13599346578121185,0.09410995244979858,0.48110541701316833,0.039234478026628494,0.15454155206680298,0.31912580132484436
low/view884.mp4,0,L02,0.02500000037252903,0.821180522441864,0.5225694179534912,0.6714932918548584,0.4791666865348816,0.14412903785705566,0.5,0.8699646592140198,0.21944445371627808,0.43541666865348816,0.34513890743255615,0.08382199704647064,0.010145657695829868,0.04658036679029465,0.19380755722522736,0.3128472566604614,0.6083333492279053,0.7595397233963013,0.0,0.7715277671813965,0.22847223281860352,0.7559779286384583,0.13728639483451843,1.0,0.14654144644737244,0.26701849699020386,0.6753472089767456,0.06701388955116272,1.0,0.04958433657884598,0.9871018528938293,0.04658036679029465,0.062212392687797546,0.0034984005615115166,0.100163534283638,0.10172642767429352,0.5513715744018555,0.039216067641973495,0.14181165397167206,0.36532866954803467
low/view885.mp4,0,L02,0.08800505101680756,0.7989899516105652,0.4170454740524292,0.6422746181488037,0.3770202100276947,0.14468562602996826,0.5,0.8850433826446533,0.2010101079940796,0.37196972966194153,0.42702022194862366,0.08079427480697632,0.009532301686704159,0.04976949468255043,0.22042682766914368,0.2364899218082428,0.6666666269302368,0.7860375642776489,0.0,0.8351010084152222,0.16489899158477783,0.7956905961036682,0.19449752569198608,1.0,0.03186759725213051,0.03740870952606201,0.784469723701477,0.0,1.0,0.015579680912196636,0.9906017780303955,0.04976949468255043,0.05762269347906113,0.0031136153265833855,0.11501557379961014,0.08400170505046844,0.5482923984527588,0.029307520017027855,0.1626465618610382,0.3604421615600586
low/view886.mp4,0,L02,0.12282197177410126,0.7665088176727295,0.5830177068710327,0.6660094261169434,0.4207070469856262,0.16061517596244812,0.5,0.9383839964866638,0.25874367356300354,0.378093421459198,0.3631628751754761,0.08852580934762955,0.020030347630381584,0.050992950797080994,0.20176152884960175,0.24564392864704132,0.6166666150093079,0.7678499817848206,0.0,0.7035037875175476,0.2964962124824524,0.7539398670196533,0.22912544012069702,1.0,0.03894181177020073,0.07176535576581955,0.8177083134651184,0.02777777798473835,1.0,0.15006674826145172,0.991602897644043,0.050992950797080994,0.051638342440128326,0.0024998411536216736,0.08622128516435623,0.07837685942649841,0.6222705841064453,0.032865095883607864,0.12612797319889069,0.40755540132522583
low/view887.mp4,0,L02,0.0797664150595665,0.7758837938308716,0.5241793394088745,0.6584712266921997,0.3930239677429199,0.154035747051239,0.5,0.9054796695709229,0.2522411644458771,0.3814709484577179,0.36628785729408264,0.08339720219373703,0.010117924772202969,0.05041904374957085,0.2031194418668747,0.22957703471183777,0.6416666507720947,0.78542560338974,0.0,0.8284721970558167,0.17152777314186096,0.7856851816177368,0.20155735313892365,1.0,0.03746127337217331,0.05179993435740471,0.8361111283302307,0.012500000186264515,1.0,0.1265603005886078,0.9901518821716309,0.05041904374957085,0.035650163888931274,0.0020707689691334963,0.09144210815429688,0.07149804383516312,0.6393659710884094,0.02162478119134903,0.13834819197654724,0.4188723564147949
low/view888.mp4,0,L02,0.17847222089767456,0.6347222328186035,0.5628471970558167,0.6942977905273438,0.6159722805023193,0.12387298047542572,0.5,0.882416307926178,0.46666666865348816,0.33125001192092896,0.20208333432674408,0.10665472596883774,0.0167292058467865,0.049767427146434784,0.2738167345523834,0.1868055760860443,0.5916666388511658,0.761970043182373,0.0,0.831944465637207,0.16805556416511536,0.7590152621269226,0.19441285729408264,1.0,0.19706402719020844,0.29306718707084656,0.5590277910232544,0.08090277761220932,1.0,0.05845685675740242,0.9804052114486694,0.049767427146434784,0.08815661817789078,0.003541282145306468,0.08948846161365509,0.09324302524328232,0.4812805950641632,0.025490518659353256,0.21879950165748596,0.39587515592575073
low/view889.mp4,0,L02,0.21572421491146088,0.616815447807312,0.5028274059295654,0.6498086452484131,0.47609129548072815,0.1335669755935669,0.48004722595214844,0.8546891212463379,0.44479164481163025,0.23273810744285583,0.3180059492588043,0.10328741371631622,0.019068218767642975,0.054767291992902756,0.27832406759262085,0.2510416507720947,0.550000011920929,0.763912558555603,0.015625,0.8392360806465149,0.16076388955116272,0.7682383060455322,0.13943007588386536,0.984375,0.1318296492099762,0.1876593977212906,0.6351686716079712,0.0803571417927742,1.0,0.1141887754201889,0.9389714002609253,0.054767291992902756,0.08745259791612625,0.006828049663454294,0.126399964094162,0.08500105887651443,0.5012122988700867,0.028257284313440323,0.16484878957271576,0.4619084596633911
low/view890.mp4,0,L02,0.2475198358297348,0.6049107313156128,0.4756944477558136,0.6244930028915405,0.4131944477558136,0.12635965645313263,0.47119566798210144,0.8431568741798401,0.460317462682724,0.1822916716337204,0.3402777910232544,0.10086292028427124,0.005912430584430695,0.059018734842538834,0.25853675603866577,0.2829861044883728,0.5666666626930237,0.690466046333313,0.0434027761220932,0.6892361044883728,0.28125,0.7257686257362366,0.21498508751392365,0.9565972089767456,0.14908698201179504,0.23648740351200104,0.6614583730697632,0.1354166716337204,0.875,0.26292312145233154,0.9785959124565125,0.059018734842538834,0.11420810967683792,0.005147129762917757,0.08083193749189377,0.07918894290924072,0.5065529346466064,0.027008842676877975,0.1870621293783188,0.316522479057312
low/view891.mp4,0,L02,0.11299602687358856,0.8177579641342163,0.398137629032135,0.5948605537414551,0.25170454382896423,0.1139613687992096,0.38301607966423035,0.7674058675765991,0.2560020089149475,0.4871031939983368,0.24147728085517883,0.08825081586837769,-0.02566440962255001,0.053787652403116226,0.3847096264362335,0.25650253891944885,0.625,0.7601626515388489,0.05476641282439232,0.7415088415145874,0.2289772778749466,0.836609959602356,0.23448887467384338,0.9452335834503174,0.12068179249763489,0.17232078313827515,0.5569940805435181,0.0942460298538208,0.25,0.06622149050235748,0.9411461353302002,0.053787652403116226,0.05074579268693924,0.0020616997499018908,0.08143521100282669,0.04149932041764259,0.6795815229415894,0.010579666122794151,0.13409681618213654,0.3105892837047577
low/view892.mp4,0,L02,0.171875,0.7477678656578064,0.4322916567325592,0.5923838019371033,0.3732638955116272,0.17246879637241364,0.20854565501213074,0.799437403678894,0.3950892686843872,0.3660714328289032,0.2170138955116272,0.10010366886854172,0.004205556586384773,0.05162109434604645,0.4054277539253235,0.2274305522441864,0.5833333134651184,0.7606249451637268,0.0989583283662796,0.7847221493721008,0.173611119389534,0.8706806898117065,0.1785818636417389,0.9010416269302368,0.05365065485239029,0.06862002611160278,0.7013888359069824,0.0295138880610466,1.0,0.024248957633972168,0.7886161208152771,0.05162109434604645,0.0681094229221344,0.002630187664180994,0.07549597322940826,0.04148533567786217,0.7014068365097046,0.009415078908205032,0.10145724564790726,0.3680960536003113
low/view893.mp4,0,L02,0.22673609852790833,0.6708333492279053,0.5753472447395325,0.6604322791099548,0.5611110925674438,0.1166340634226799,0.48866015672683716,0.8136016130447388,0.38506942987442017,0.3569444417953491,0.2545138895511627,0.09722147136926651,-0.029900219291448593,0.0658465325832367,0.4022775888442993,0.18437500298023224,0.5916666388511658,0.8024534583091736,0.013888888992369175,0.8170138597488403,0.18298611044883728,0.8781232237815857,0.1354120373725891,0.9861111044883728,0.11309412121772766,0.1381005197763443,0.6284722089767456,0.0451388880610466,1.0,0.015285827219486237,0.9445973634719849,0.0658465325832367,0.07536518573760986,0.005042224191129208,0.08912315964698792,0.05734340101480484,0.6359742879867554,0.025940943509340286,0.11121080070734024,0.3838720917701721
low/view894.mp4,0,L02,0.2569444477558136,0.6267361640930176,0.5052083730697632,0.7422787547111511,0.7847221493721008,0.1018417552113533,0.5729709267616272,0.873096764087677,0.4479166567325592,0.4531249701976776,0.0989583358168602,0.11871413886547089,0.05805189535021782,0.04268636181950569,0.3423987329006195,0.2916666865348816,0.574999988079071,0.8262662887573242,0.0,0.9010416865348816,0.0989583358168602,0.8594419360160828,0.15819096565246582,1.0,0.0909428820014,0.09129776060581207,0.5746527910232544,0.015625,1.0,0.20324541628360748,0.9759058952331543,0.04268636181950569,0.0606355257332325,0.00366242416203022,0.08120732009410858,0.11189287900924683,0.6503569483757019,0.025986257940530777,0.06625865399837494,0.45620885491371155
low/view895.mp4,0,L02,0.4600694477558136,0.3687500059604645,0.47604167461395264,0.7608886957168579,0.8722222447395325,0.07608678936958313,0.6245996952056885,0.8702587485313416,0.6607639193534851,0.3392361104488373,0.0,0.1463097631931305,0.09228221327066422,0.037426091730594635,0.317421019077301,0.2986111044883728,0.5916666984558105,0.8087854385375977,0.0,0.8739582896232605,0.12604166567325592,0.8716342449188232,0.12641757726669312,1.0,0.10843856632709503,0.12570275366306305,0.5690972208976746,0.0451388880610466,1.0,0.22176596522331238,0.9640616178512573,0.037426091730594635,0.08320827037096024,0.003350231796503067,0.07200547307729721,0.09858285635709763,0.6389042139053345,0.019981104880571365,0.08396784216165543,0.5432751178741455
low/view947.mp4,0,L03,0.2579860985279083,0.5288194417953491,0.511805534362793,0.6765119433403015,0.6173611283302307,0.10952717065811157,0.4763558506965637,0.8256056904792786,0.6017361283302307,0.3826389014720917,0.015625,0.13135486841201782,0.07370048761367798,0.034497279673814774,0.28261587023735046,0.2888889014720917,0.5916666388511658,0.7456875443458557,0.012500000186264515,0.7854166626930237,0.20208333432674408,0.7992932796478271,0.18502891063690186,0.987500011920929,0.11667288094758987,0.1401498168706894,0.545634925365448,0.04821428656578064,1.0,0.044685639441013336,0.9829609990119934,0.034497279673814774,0.04875984787940979,0.0028945005033165216,0.07329516112804413,0.13082271814346313,0.6590420007705688,0.012477921321988106,0.07270784676074982,0.42991873621940613
low/view948.mp4,0,L03,0.34836310148239136,0.39126983284950256,0.45079368352890015,0.7144465446472168,0.6844246983528137,0.11556665599346161,0.505548357963562,0.8849999904632568,0.7118551731109619,0.2725198566913605,0.015625,0.1451568752527237,0.0872003585100174,0.03770960122346878,0.25223231315612793,0.35252973437309265,0.5583333373069763,0.7439382076263428,0.013888888992369175,0.7609623074531555,0.21264880895614624,0.82962965965271,0.2061183750629425,0.9861111044883728,0.15171155333518982,0.1581648886203766,0.563740074634552,0.0625,1.0,0.10494527220726013,0.9300760626792908,0.03770960122346878,0.0793817788362503,0.0022259210236370564,0.05637623742222786,0.08000502735376358,0.6857626438140869,0.008023322559893131,0.08822502940893173,0.4148238003253937
low/view949.mp4,0,L03,0.5680555701255798,0.34662699699401855,0.47601011395454407,0.7398679256439209,0.7097538113594055,0.10401006042957306,0.570639967918396,0.8811693787574768,0.6890873312950134,0.31091269850730896,0.0,0.15231619775295258,0.08811186254024506,0.04194062575697899,0.2893942892551422,0.33245402574539185,0.5333333611488342,0.7179858088493347,0.029220780357718468,0.7302489876747131,0.2583874464035034,0.7758572697639465,0.2551230788230896,0.9886363744735718,0.17104655504226685,0.156448096036911,0.4404761791229248,0.1339285671710968,1.0,0.09359227865934372,0.9736835360527039,0.04194062575697899,0.0753585696220398,0.005116259679198265,0.09321662783622742,0.04025355353951454,0.6645081639289856,0.04400148615241051,0.07754538208246231,0.46744129061698914
low/view950.mp4,0,L03,0.4739583134651184,0.4965277910232544,0.4387401044368744,0.7239358425140381,0.6976686716079712,0.1384921371936798,0.4503302276134491,0.8963727355003357,0.5508432388305664,0.3792162835597992,0.0629960298538208,0.14590191841125488,0.0676950216293335,0.05011029541492462,0.3636097013950348,0.2232142984867096,0.550000011920929,0.7448375225067139,0.0612599179148674,0.7884424328804016,0.211557537317276,0.8464317321777344,0.1934131383895874,0.938740074634552,0.27975356578826904,0.36087653040885925,0.4858630895614624,0.191716268658638,0.75,0.21529342234134674,0.9462139010429382,0.05011029541492462,0.03857901692390442,0.0035405110102146864,0.08663972467184067,0.08164512366056442,0.6723249554634094,0.02778787910938263,0.08948284387588501,0.41754162311553955
low/view951.mp4,0,L03,0.43442460894584656,0.37564483284950256,0.4786706864833832,0.6654995679855347,0.6202877163887024,0.16040481626987457,0.3951829671859741,0.8656215071678162,0.7101190686225891,0.2898809611797333,0.0,0.15148435533046722,0.09773018211126328,0.03740164637565613,0.27578243613243103,0.329117089509964,0.5083333253860474,0.6809484958648682,0.1026785746216774,0.7338789701461792,0.179067462682724,0.7429170608520508,0.2520081698894501,0.8973214626312256,0.16400502622127533,0.15439142286777496,0.4345238208770752,0.1205357164144516,0.375,0.06168171018362045,0.9116947650909424,0.03740164637565613,0.045767828822135925,0.004886501934379339,0.05723756551742554,0.026520464569330215,0.7756710648536682,0.013966972008347511,0.07594958692789078,0.3478717803955078
low/view952.mp4,0,L03,0.4139384925365448,0.3784722089767456,0.4838789701461792,0.766228437423706,0.7497519850730896,0.10282975435256958,0.6000158190727234,0.9065755009651184,0.732390820980072,0.2497519999742508,0.01785714365541935,0.1536768078804016,0.09467027336359024,0.04207538813352585,0.23786111176013947,0.3792162537574768,0.5083333253860474,0.7696377038955688,0.013888888992369175,0.8628472089767456,0.1371527761220932,0.804518461227417,0.1840936839580536,1.0,0.20108643174171448,0.2496274709701538,0.5186011791229248,0.1495535671710968,1.0,0.2742149829864502,0.9820877909660339,0.04207538813352585,0.08721622824668884,0.0024343961849808693,0.05790582299232483,0.0732220858335495,0.7109288573265076,0.01750224269926548,0.05079039931297302,0.3509764075279236
low/view953.mp4,0,L03,0.4345238208770752,0.4441964328289032,0.5208333134651184,0.7071048021316528,0.7155258059501648,0.13206930458545685,0.4545724093914032,0.864891529083252,0.6026785969734192,0.314732164144516,0.0825892835855484,0.14909064769744873,0.06071461737155914,0.057771019637584686,0.2771400511264801,0.2544642984867096,0.5083333253860474,0.7312509417533875,0.0451388880610466,0.73115074634552,0.2237103134393692,0.8036348819732666,0.18259604275226593,0.9704861044883728,0.34395474195480347,0.37243515253067017,0.2805059552192688,0.1897321492433548,1.0,0.048904288560152054,0.9400506615638733,0.057771019637584686,0.10964224487543106,0.004808937199413776,0.12401948124170303,0.25209322571754456,0.4301871061325073,0.024825626984238625,0.054423365741968155,0.30400821566581726
low/view954.mp4,0,L03,0.6015376448631287,0.30148807168006897,0.6414682865142822,0.7144084572792053,0.7629464864730835,0.15817075967788696,0.4418080449104309,0.8906619548797607,0.829464316368103,0.17053571343421936,0.0,0.17569519579410553,0.11468791216611862,0.04620131477713585,0.30672889947891235,0.18844246864318848,0.4583333432674408,0.7423736453056335,0.046875,0.793154776096344,0.1421131044626236,0.8087009787559509,0.2063286304473877,0.953125,0.16527368128299713,0.19771644473075867,0.5668154358863831,0.11577381193637848,1.0,0.15071505308151245,0.8996001482009888,0.04620131477713585,0.08379482477903366,0.003972889855504036,0.12361004948616028,0.19409120082855225,0.5016717314720154,0.02861626446247101,0.06424301862716675,0.3680672347545624
low/view955.mp4,0,L03,0.36870041489601135,0.5264385342597961,0.7689979672431946,0.8032044172286987,0.9486607313156128,0.08740520477294922,0.674470841884613,0.9372190833091736,0.6540674567222595,0.34593257308006287,0.0,0.15237189829349518,0.10449057072401047,0.04754658415913582,0.3117479681968689,0.12197421491146088,0.5666667222976685,0.7093839645385742,0.03035714477300644,0.7958829402923584,0.17599205672740936,0.740123987197876,0.20437809824943542,0.9696428775787354,0.11101558059453964,0.14197343587875366,0.6279761791229248,0.0357142873108387,1.0,0.020311718806624413,0.9507492184638977,0.04754658415913582,0.11255495250225067,0.0030538090504705906,0.05914303660392761,0.12466316670179367,0.6533318161964417,0.012116554193198681,0.035136643797159195,0.2508777379989624
low/view956.mp4,0,L03,0.31041666865348816,0.5589285492897034,0.6665178537368774,0.7872209548950195,0.9291666746139526,0.1028907299041748,0.6125157475471497,0.9099044799804688,0.45669642090797424,0.5120535492897034,0.02500000037252903,0.13438840210437775,0.09351765364408493,0.03484473377466202,0.3754143714904785,0.19464285671710968,0.44999998807907104,0.7161982655525208,0.06666667014360428,0.7096726298332214,0.22366072237491608,0.7806433439254761,0.24182449281215668,0.9541666507720947,0.21576370298862457,0.2806568443775177,0.5684523582458496,0.1324404776096344,1.0,0.11130022257566452,0.9265789985656738,0.03484473377466202,0.08562377095222473,0.0029371061827987432,0.06236173212528229,0.06018749997019768,0.7451720237731934,0.01123784203082323,0.03248013183474541,0.2125372439622879
low/view957.mp4,0,L03,0.2770833373069763,0.5729166865348816,0.7041666507720947,0.7566689252853394,0.8979166746139526,0.1267593950033188,0.5912627577781677,0.9261730313301086,0.5541666150093079,0.44583332538604736,0.0,0.1380911022424698,0.10436562448740005,0.03272178769111633,0.36877012252807617,0.14791665971279144,0.3333333432674408,0.7096961140632629,0.07500000298023224,0.7562500238418579,0.19375000894069672,0.7939389944076538,0.253496378660202,0.9500000476837158,0.11870165914297104,0.12603598833084106,0.5375000238418579,0.05624999850988388,1.0,0.1955336034297943,0.9381874799728394,0.03272178769111633,0.273183673620224,0.006477477960288525,0.0656985491514206,0.09135632961988449,0.47634032368659973,0.03203282132744789,0.05491086095571518,0.1654161512851715
low/view958.mp4,0,L03,0.24940475821495056,0.725595235824585,0.35803574323654175,0.5400440096855164,0.25238096714019775,0.134934201836586,0.2987349331378937,0.7193987369537354,0.4163690507411957,0.5273809432983398,0.05624999850988388,0.13018423318862915,0.08480843156576157,0.04142899066209793,0.27216777205467224,0.20148810744285583,0.375,0.800479531288147,0.0595238134264946,0.872619092464447,0.05000000074505806,0.8936079740524292,0.12400509417057037,0.9404761791229248,0.418211430311203,0.38477784395217896,0.2750000059604645,0.2541666626930237,0.125,0.0,0.939641535282135,0.04142899066209793,0.09270210564136505,0.004187499638646841,0.07095680385828018,0.10623928904533386,0.6370115876197815,0.015381342731416225,0.07352141290903091,0.19790703058242798
low/view959.mp4,0,L03,0.19166667759418488,0.6576389074325562,0.43611112236976624,0.573610782623291,0.23234128952026367,0.09470584243535995,0.4362070560455322,0.7095168828964233,0.43660712242126465,0.4679563641548157,0.09246031939983368,0.11344639211893082,0.05280662328004837,0.03734172508120537,0.21903404593467712,0.24067461490631104,0.4333333373069763,0.7552858591079712,0.0357142873108387,0.8281745910644531,0.11527778208255768,0.8243224620819092,0.20299115777015686,0.9392857551574707,0.18430227041244507,0.11156681925058365,0.24642856419086456,0.12142857909202576,0.0,0.0,0.9253218770027161,0.03734172508120537,0.08539272844791412,0.005122248083353043,0.0960078313946724,0.1164136528968811,0.6054408550262451,0.02475769631564617,0.06686502695083618,0.2874532639980316
low/view960.mp4,0,L03,0.11666667461395264,0.5291666984558105,0.19761906564235687,0.5677298307418823,0.28214287757873535,0.11683616042137146,0.3989742398262024,0.7519640922546387,0.5375000238418579,0.3916666805744171,0.0595238134264946,0.11481188237667084,0.06362199038267136,0.03389406576752663,0.25382623076438904,0.13511905074119568,0.4166666865348816,0.7637874484062195,0.1369047611951828,0.8452380895614624,0.0,0.8841208815574646,0.17544794082641602,0.863095223903656,0.11165902018547058,0.09931018203496933,0.49345237016677856,0.0416666679084301,0.0,0.0,0.918290913105011,0.03389406576752663,0.02347569167613983,0.0016384600894525647,0.03121786378324032,0.08944588899612427,0.7930018305778503,0.006030673161149025,0.055189602077007294,0.3058294653892517
low/view961.mp4,0,L03,0.15833333134651184,0.5375000238418579,0.3958333432674408,0.6097872257232666,0.4270833432674408,0.13848379254341125,0.3885575234889984,0.7814169526100159,0.4833333492279053,0.4333333671092987,0.0833333358168602,0.10575820505619049,0.008415638469159603,0.05719143524765968,0.3768744468688965,0.02083333395421505,0.38333335518836975,0.766707181930542,0.0625,0.8645833730697632,0.0520833358168602,0.8404812216758728,0.19837716221809387,0.9583333730697632,0.21394672989845276,0.19299869239330292,0.4791666567325592,0.1875,0.25,0.10401363670825958,0.8870771527290344,0.05719143524765968,0.009860190562903881,0.002723424229770899,0.028935324400663376,0.14854037761688232,0.7348407506942749,0.008098999038338661,0.06700102984905243,0.27564793825149536
low/view962.mp4,0,L03,0.13035714626312256,0.6726190447807312,0.4851190745830536,0.6201685667037964,0.4791666865348816,0.1973508894443512,0.27659618854522705,0.8452826738357544,0.3660714626312256,0.34940478205680847,0.2566964328289032,0.08154153823852539,-0.0403401143848896,0.06932775676250458,0.4335017204284668,0.1138392835855484,0.4333333671092987,0.7119571566581726,0.113839291036129,0.7388392686843872,0.1681547611951828,0.8015797734260559,0.26493483781814575,0.8861607909202576,0.16071929037570953,0.214624285697937,0.48749998211860657,0.0625,1.0,0.19407130777835846,0.7133752107620239,0.06932775676250458,0.0229268129914999,0.00407092459499836,0.04994809255003929,0.06254645437002182,0.7420706748962402,0.02110874652862549,0.0973283126950264,0.3406427204608917
mid/view1196.mp4,1,M05,0.24275794625282288,0.5244048237800598,0.38090282678604126,0.6458478569984436,0.41210320591926575,0.11652830243110657,0.5002133846282959,0.8120077848434448,0.5430555939674377,0.39270833134651184,0.0642361119389534,0.1219431534409523,0.06500290334224701,0.03496258705854416,0.2932581901550293,0.1803075522184372,0.4833333492279053,0.8241894841194153,0.0,0.8812004327774048,0.1187996044754982,0.8694463968276978,0.12513062357902527,1.0,0.1347009241580963,0.17097537219524384,0.5485119223594666,0.07931547611951828,1.0,0.08913552761077881,0.9779788851737976,0.03496258705854416,0.061686672270298004,0.005023108795285225,0.09202203154563904,0.04468937963247299,0.6760618686676025,0.021212393417954445,0.09930454194545746,0.5249989032745361
mid/view1197.mp4,1,M05,0.5097402930259705,0.2988816797733307,0.4415404498577118,0.7647015452384949,0.8479617834091187,0.07821759581565857,0.6098591685295105,0.8674774169921875,0.8279221057891846,0.172077938914299,0.0,0.1532893180847168,0.09891825169324875,0.03380363807082176,0.2859456241130829,0.38627347350120544,0.574999988079071,0.7949255704879761,0.012500000186264515,0.8088744878768921,0.17862555384635925,0.8689904808998108,0.16566917300224304,0.987500011920929,0.13059230148792267,0.11408358812332153,0.4285714328289032,0.0535714328289032,1.0,0.2978525757789612,0.9650832414627075,0.03380363807082176,0.039350152015686035,0.002434292109683156,0.08319291472434998,0.043877359479665756,0.6765182018280029,0.024913471192121506,0.12971358001232147,0.5588904619216919
mid/view1199.mp4,1,M05,0.390625,0.3812499940395355,0.3931547999382019,0.681843101978302,0.7088789939880371,0.19032444059848785,0.2491597831249237,0.8766921758651733,0.6656250357627869,0.2874999940395355,0.0416666679084301,0.1443682760000229,0.052178170531988144,0.054675959050655365,0.37363970279693604,0.20625001192092896,0.5916666984558105,0.6427305340766907,0.24265873432159424,0.6396825313568115,0.15967263281345367,0.7924731969833374,0.489162415266037,0.8118551969528198,0.2497905194759369,0.3098747134208679,0.4669643044471741,0.20600199699401855,0.875,0.16496959328651428,0.8705583214759827,0.054675959050655365,0.04010554775595665,0.0034422255121171474,0.08882229775190353,0.06621255725622177,0.6532890796661377,0.01699867844581604,0.13112960755825043,0.4071529805660248
mid/view12.mp4,1,M01,0.2011408805847168,0.4526289701461792,0.6128472685813904,0.6934932470321655,0.694940447807312,0.09614267200231552,0.5266768932342529,0.8111652135848999,0.629464328289032,0.2219742089509964,0.1455853283405304,0.12750834226608276,0.0514071062207222,0.04926244542002678,0.3613411784172058,0.1259920597076416,0.5166667103767395,0.7693232297897339,0.01785714365541935,0.916914701461792,0.065228171646595,0.7911466956138611,0.14976179599761963,0.9821428656578064,0.14215300977230072,0.11432281136512756,0.5007440447807312,0.1421131044626236,0.75,0.13090269267559052,0.9768633842468262,0.04926244542002678,0.03373825550079346,0.0020025873091071844,0.06667721271514893,0.07726322114467621,0.6956590414047241,0.007796974387019873,0.11686275899410248,0.46419045329093933
mid/view1201.mp4,1,M05,0.34092265367507935,0.47212302684783936,0.38630953431129456,0.7039661407470703,0.5988094806671143,0.19770613312721252,0.37651634216308594,0.9238741397857666,0.6134424805641174,0.25238093733787537,0.11800595372915268,0.12380973994731903,0.02497677318751812,0.05572269856929779,0.44629690051078796,0.1185515895485878,0.4833333492279053,0.6193984150886536,0.16463294625282288,0.5259424448013306,0.30942460894584656,0.6983120441436768,0.4945380389690399,0.8710813522338867,0.30959945917129517,0.33021390438079834,0.42723214626312256,0.1837797611951828,0.75,0.028803573921322823,0.8371932506561279,0.05572269856929779,0.028281979262828827,0.0014296344015747309,0.08383743464946747,0.08310195058584213,0.7059418559074402,0.0051559885032474995,0.09225119650363922,0.2811950743198395
mid/view13.mp4,1,M01,0.3943452537059784,0.4399801790714264,0.5243055820465088,0.7014756202697754,0.760664701461792,0.14922235906124115,0.3675289750099182,0.859093427658081,0.5917658805847168,0.4082341492176056,0.0,0.14586250483989716,0.09828300774097443,0.036788977682590485,0.3684828579425812,0.1827877014875412,0.5250000357627869,0.795875072479248,0.0451388880610466,0.829365074634552,0.170634925365448,0.877556324005127,0.1589212566614151,0.96875,0.1063702404499054,0.12246058136224747,0.5491071939468384,0.0647321417927742,0.75,0.15169519186019897,0.9373750686645508,0.036788977682590485,0.028638124465942383,0.002364984480664134,0.11553601175546646,0.02778559923171997,0.685906708240509,0.027577867731451988,0.11219076812267303,0.5556008815765381
mid/view14.mp4,1,M01,0.5225694179534912,0.3062500059604645,0.47430554032325745,0.7811985611915588,0.8802083134651184,0.09326580166816711,0.5858793258666992,0.8742853403091431,0.7961805462837219,0.20381945371627808,0.0,0.1593659669160843,0.08278042823076248,0.04285682737827301,0.3673206567764282,0.15694445371627808,0.574999988079071,0.792133629322052,0.0,0.7729166746139526,0.22708334028720856,0.8603968024253845,0.19944080710411072,1.0,0.0687825009226799,0.06127185374498367,0.6579861044883728,0.0,1.0,0.2603357136249542,0.9793400764465332,0.04285682737827301,0.02798180654644966,0.0023893583565950394,0.09393445402383804,0.028150292113423347,0.7442021369934082,0.010538156144320965,0.09280379861593246,0.566976010799408
mid/view15.mp4,1,M01,0.605681836605072,0.19494950771331787,0.5962120890617371,0.8176700472831726,0.9750000238418579,0.06004226207733154,0.6932342052459717,0.879798412322998,0.817550539970398,0.18244951963424683,0.0,0.16527120769023895,0.09069622308015823,0.04324101656675339,0.47602200508117676,0.13775253295898438,0.6666666269302368,0.7652484178543091,0.0,0.736300528049469,0.2636995017528534,0.8396946787834167,0.22407439351081848,1.0,0.14328931272029877,0.24430707097053528,0.7124999761581421,0.08055555820465088,1.0,0.03627929091453552,0.9575807452201843,0.04324101656675339,0.03412548080086708,0.0020344003569334745,0.11553852260112762,0.03690630570054054,0.7138963937759399,0.007870562374591827,0.08962835371494293,0.5727027654647827
mid/view16.mp4,1,M01,0.4961985945701599,0.33350470662117004,0.5801407694816589,0.7964287400245667,0.9404221177101135,0.07821784913539886,0.662983238697052,0.8895595073699951,0.7167478203773499,0.28325217962265015,0.0,0.1498277187347412,0.08926817774772644,0.03878337889909744,0.3909911513328552,0.27759289741516113,0.6166666746139526,0.7680151462554932,0.0,0.7687364816665649,0.23126353323459625,0.8233346939086914,0.2107272893190384,1.0,0.2170328050851822,0.2999880313873291,0.5923610925674438,0.13055555522441864,0.875,0.27067938446998596,0.9744477868080139,0.03878337889909744,0.043435629457235336,0.002474985783919692,0.14045214653015137,0.02758946642279625,0.6609030961990356,0.01008642092347145,0.1150582879781723,0.6075688004493713
mid/view17.mp4,1,M01,0.5986607670783997,0.2593750059604645,0.45302578806877136,0.6274102330207825,0.5578869581222534,0.17053091526031494,0.2414388656616211,0.8150594830513,0.8156249523162842,0.18437500298023224,0.0,0.158332958817482,0.09747510403394699,0.041154149919748306,0.34263309836387634,0.19980159401893616,0.5333333611488342,0.7421524524688721,0.05416666716337204,0.7787203192710876,0.15148811042308807,0.8098720908164978,0.22304578125476837,0.9666666984558105,0.3644155263900757,0.3723697066307068,0.2938988208770752,0.347470223903656,0.0,0.0,0.9150210618972778,0.041154149919748306,0.02833814173936844,0.0029755844734609127,0.11545751988887787,0.05273231118917465,0.6068365573883057,0.01461244747042656,0.17904740571975708,0.5103116035461426
mid/view18.mp4,1,M01,0.4370039999485016,0.483134925365448,0.56572425365448,0.7083487510681152,0.689980149269104,0.1575447916984558,0.36396902799606323,0.8635221123695374,0.548115074634552,0.436259925365448,0.015625,0.13796070218086243,0.06341344863176346,0.05908132717013359,0.37737202644348145,0.1780753880739212,0.5166666507720947,0.7029436826705933,0.0803571417927742,0.6795635223388672,0.2400793731212616,0.7726730704307556,0.2231585830450058,0.9196428656578064,0.40366366505622864,0.43760547041893005,0.4308035671710968,0.2596726417541504,0.375,0.12761814892292023,0.9668144583702087,0.05908132717013359,0.057785239070653915,0.0025721893180161715,0.07161272317171097,0.06721561402082443,0.6557297706604004,0.011046860367059708,0.13403764367103577,0.4094906449317932
mid/view19.mp4,1,M01,0.36572423577308655,0.4747519791126251,0.6920139193534851,0.7084271311759949,0.6968749761581421,0.13225728273391724,0.4768785238265991,0.8500348329544067,0.5708829164505005,0.3857142925262451,0.0434027761220932,0.12969188392162323,0.06172524392604828,0.04687602445483208,0.4767597019672394,0.1753472238779068,0.574999988079071,0.6977568864822388,0.015625,0.6020833253860474,0.39791664481163025,0.6864560842514038,0.27273279428482056,0.984375,0.2612077593803406,0.4116149842739105,0.5133928656578064,0.125,1.0,0.27158063650131226,0.9576340913772583,0.04687602445483208,0.08868718147277832,0.0036055967211723328,0.11036544293165207,0.05967318266630173,0.6443030834197998,0.009557642042636871,0.08380790054798126,0.39861637353897095
mid/view193.mp4,1,M03,0.1495535671710968,0.5825892686843872,0.3035714328289032,0.6649980545043945,0.5848214626312256,0.15992577373981476,0.3897359371185303,0.8584198355674744,0.5647321343421936,0.3683035969734192,0.0625,0.12117967754602432,0.05925248935818672,0.032691944390535355,0.2687380909919739,0.2209821343421936,0.5250000357627869,0.8342313170433044,0.046875,0.921875,0.03125,0.879999577999115,0.10935883969068527,0.953125,0.13987451791763306,0.13459396362304688,0.5892857313156128,0.0625,1.0,0.19108173251152039,0.9454339742660522,0.032691944390535355,0.07335716485977173,0.005113380495458841,0.09933944046497345,0.06001235544681549,0.6408141255378723,0.021698232740163803,0.0996653288602829,0.5129610896110535
mid/view194.mp4,1,M03,0.3529266119003296,0.4858630895614624,0.4801587462425232,0.7783079147338867,0.9151785969734192,0.08530772477388382,0.6128137111663818,0.8876113891601562,0.6458333730697632,0.302827388048172,0.0513392835855484,0.13486483693122864,0.06146200746297836,0.04252991825342178,0.3718990981578827,0.2125496119260788,0.5166666507720947,0.7860389947891235,0.0317460335791111,0.8092758059501648,0.1907242089509964,0.8518150448799133,0.17693473398685455,1.0,0.044076766818761826,0.027419326826930046,0.7663690447807312,0.0,1.0,0.38963088393211365,0.9801166653633118,0.04252991825342178,0.04452608898282051,0.0021951093804091215,0.1079370304942131,0.06092005968093872,0.639444887638092,0.020970072597265244,0.12400677800178528,0.4520518183708191
mid/view195.mp4,1,M03,0.376240074634552,0.43184521794319153,0.5007440447807312,0.706053614616394,0.774404764175415,0.1677064746618271,0.34115180373191833,0.8874349594116211,0.6358630657196045,0.28655755519866943,0.07237102836370468,0.13617359101772308,0.0617578960955143,0.04552187770605087,0.3981555998325348,0.1746031790971756,0.5416666865348816,0.7317904233932495,0.09196428209543228,0.7686508297920227,0.16750991344451904,0.8221926689147949,0.2346149981021881,0.9665178656578064,0.05423197150230408,0.0407443605363369,0.6820436716079712,0.0,1.0,0.21507145464420319,0.8960383534431458,0.04552187770605087,0.0521475151181221,0.003058565082028508,0.09070035070180893,0.02804669551551342,0.6589828729629517,0.06678930670022964,0.10027465224266052,0.48519793152809143
mid/view196.mp4,1,M03,0.46875,0.3854166865348816,0.492807537317276,0.7089380025863647,0.6287202835083008,0.1729307770729065,0.4143865406513214,0.9211256504058838,0.6822916865348816,0.1736111044883728,0.139384925365448,0.13954663276672363,0.046782150864601135,0.051782816648483276,0.3868696689605713,0.0572916641831398,0.5416666269302368,0.7756786346435547,0.0473710298538208,0.8311011791229248,0.168898805975914,0.8306351900100708,0.1591569483280182,0.9682539701461792,0.09106771647930145,0.0862819030880928,0.6160714626312256,0.03125,1.0,0.09096047282218933,0.9658159613609314,0.051782816648483276,0.09830636531114578,0.004253928549587727,0.07713597267866135,0.05031824856996536,0.6460728645324707,0.02674151211977005,0.09717108309268951,0.5581562519073486
mid/view197.mp4,1,M03,0.3033730387687683,0.4845734238624573,0.5241567492485046,0.72491055727005,0.5934028029441833,0.17797620594501495,0.43615397810935974,0.9787184000015259,0.6039186120033264,0.2532738149166107,0.13536706566810608,0.12483076751232147,0.042278774082660675,0.045973360538482666,0.32882270216941833,0.04027777910232544,0.5666667222976685,0.7699113488197327,0.0334821417927742,0.8115079402923584,0.188492089509964,0.8480631113052368,0.23607710003852844,0.9665178656578064,0.06524626910686493,0.05401908978819847,0.6810516119003296,0.01785714365541935,1.0,0.21910150349140167,0.975745677947998,0.045973360538482666,0.03552702069282532,0.0028077547904103994,0.05693201720714569,0.03992777317762375,0.8004704713821411,0.012440089136362076,0.05189479514956474,0.46447786688804626
mid/view198.mp4,1,M03,0.3740575313568115,0.43913692235946655,0.6615575551986694,0.7023930549621582,0.763640820980072,0.14334525167942047,0.3890259563922882,0.8574340343475342,0.6082341074943542,0.3162698447704315,0.07237103581428528,0.13208740949630737,0.05809502676129341,0.04625276103615761,0.4598924517631531,0.08452381193637848,0.5833333134651184,0.7343170046806335,0.04027777910232544,0.7488094568252563,0.21091270446777344,0.8269946575164795,0.18885669112205505,0.9597222208976746,0.10033119469881058,0.08956433832645416,0.511904776096344,0.015625,1.0,0.11120833456516266,0.9450100064277649,0.04625276103615761,0.04187025874853134,0.004217995330691338,0.13232529163360596,0.03417773172259331,0.6072596311569214,0.030147597193717957,0.15000149607658386,0.46483227610588074
mid/view199.mp4,1,M03,0.20555555820465088,0.6013888716697693,0.6152778267860413,0.7029990553855896,0.7475694417953491,0.08668125420808792,0.5187788009643555,0.8142411112785339,0.5166667103767395,0.41180557012557983,0.07152777910232544,0.12455249577760696,0.06003423407673836,0.03771435096859932,0.4854414463043213,0.10277777910232544,0.6166666746139526,0.7393165826797485,0.0,0.7288194894790649,0.27118054032325745,0.8426429033279419,0.2320859432220459,1.0,0.22064532339572906,0.3602302372455597,0.586309552192688,0.1197916641831398,1.0,0.01605956442654133,0.9660707712173462,0.03771435096859932,0.03995842486619949,0.0015517614083364606,0.08749320358037949,0.05813561752438545,0.6029700636863708,0.008560752496123314,0.20133014023303986,0.4728770852088928
mid/view20.mp4,1,M01,0.3263888955116272,0.4729166626930237,0.7211805582046509,0.7208809852600098,0.7746527791023254,0.08356019854545593,0.5575494766235352,0.8147575855255127,0.6517361402511597,0.3048611283302307,0.0434027761220932,0.13590236008167267,0.05861407518386841,0.04475885257124901,0.4446839690208435,0.08888889104127884,0.5916666388511658,0.7160708904266357,0.0,0.5909722447395325,0.4090277850627899,0.7383204102516174,0.2904595136642456,1.0,0.09847407788038254,0.1525813490152359,0.6597222089767456,0.0295138880610466,1.0,0.053528375923633575,0.9806393980979919,0.04475885257124901,0.06958862394094467,0.0027233639266341925,0.0946001335978508,0.08244484663009644,0.6116192936897278,0.024978671222925186,0.11404508352279663,0.4288644790649414
mid/view200.mp4,1,M03,0.15744048357009888,0.6401786208152771,0.4308035671710968,0.6452710628509521,0.6004959940910339,0.1290646344423294,0.35985293984413147,0.7804638147354126,0.40044641494750977,0.5870535969734192,0.012500000186264515,0.11628469824790955,0.06931132078170776,0.037998467683792114,0.3310626149177551,0.245783731341362,0.5666666626930237,0.7690907120704651,0.0317460335791111,0.7783730626106262,0.20376986265182495,0.8808728456497192,0.1810295581817627,0.9821428656578064,0.19442430138587952,0.29000160098075867,0.6029266119003296,0.10049603134393692,1.0,0.09469116479158401,0.936830461025238,0.037998467683792114,0.039251938462257385,0.0029420957434922457,0.12139101326465607,0.08179738372564316,0.6014658212661743,0.011076400987803936,0.142075315117836,0.47892001271247864
mid/view201.mp4,1,M03,0.2234622985124588,0.5629960894584656,0.492559552192688,0.6876546740531921,0.6460813283920288,0.10185421258211136,0.4989023506641388,0.8469095826148987,0.484375,0.4265872836112976,0.0890377014875412,0.12317734211683273,0.05975998938083649,0.04358866065740585,0.2909862995147705,0.2430555671453476,0.5166666507720947,0.775817334651947,0.0,0.8122519850730896,0.1877480298280716,0.8575302362442017,0.1909451186656952,1.0,0.11263485252857208,0.10529719293117523,0.4977678656578064,0.015625,1.0,0.06662072241306305,0.9637422561645508,0.04358866065740585,0.05473565682768822,0.002615438774228096,0.10397548228502274,0.05718034505844116,0.593774139881134,0.010449973866343498,0.17726898193359375,0.5057539343833923
mid/view202.mp4,1,M03,0.2423115223646164,0.6098710298538208,0.3668155074119568,0.7004235982894897,0.7147817611694336,0.10108622908592224,0.5189469456672668,0.8080021739006042,0.543154776096344,0.2929067611694336,0.1639384925365448,0.12205801159143448,0.042455460876226425,0.04846077412366867,0.3157922923564911,0.13516865670681,0.5,0.8213348388671875,0.0,0.9722222089767456,0.02777777798473835,0.8403098583221436,0.11455252021551132,1.0,0.07255539298057556,0.06253992766141891,0.6778273582458496,0.03125,1.0,0.10482409596443176,0.9794386029243469,0.04846077412366867,0.03207206353545189,0.006571316625922918,0.06977997720241547,0.04300764203071594,0.6445538401603699,0.011862480081617832,0.19215267896652222,0.43857792019844055
mid/view203.mp4,1,M03,0.1272321343421936,0.5625,0.4211309850215912,0.6886066198348999,0.6949405074119568,0.10286983847618103,0.5,0.7947432994842529,0.5297619104385376,0.3020833134651184,0.1681547611951828,0.11563512682914734,0.04386524483561516,0.04481690376996994,0.3084563612937927,0.1212797611951828,0.49166667461395264,0.8220265507698059,0.0,1.0,0.0,0.8471800684928894,0.10412552207708359,1.0,0.03426116704940796,0.032496899366378784,0.7723214030265808,0.0,1.0,0.03766203299164772,0.9820684790611267,0.04481690376996994,0.025171862915158272,0.0011949940817430615,0.08372010290622711,0.0509428009390831,0.6265232563018799,0.011699343100190163,0.20074768364429474,0.45792096853256226
mid/view21.mp4,1,M01,0.4056638181209564,0.44372299313545227,0.5110479593276978,0.7368461489677429,0.8546401858329773,0.09890476614236832,0.5189881324768066,0.8384465575218201,0.7077922224998474,0.2783189117908478,0.013888888992369175,0.1504470407962799,0.09287258982658386,0.04470060020685196,0.369899719953537,0.11410984396934509,0.6416666507720947,0.7701479196548462,0.015625,0.727588415145874,0.25678661465644836,0.8265115022659302,0.28995591402053833,0.984375,0.11986749619245529,0.17145247757434845,0.5612373352050781,0.05050504952669144,1.0,0.16299842298030853,0.9526668787002563,0.04470060020685196,0.03595837950706482,0.003848137566819787,0.06813947856426239,0.07196521759033203,0.6227297186851501,0.029181867837905884,0.16817720234394073,0.5293446779251099
mid/view22.mp4,1,M01,0.3022456467151642,0.42615893483161926,0.486489862203598,0.7039041519165039,0.6716540455818176,0.10980753600597382,0.4770612418651581,0.8219307065010071,0.6055871248245239,0.3944128751754761,0.0,0.13655763864517212,0.0899469405412674,0.03297504037618637,0.3234117329120636,0.21066920459270477,0.6416667103767395,0.7518914937973022,0.0451388880610466,0.7523674368858337,0.20249368250370026,0.8207804560661316,0.2555103600025177,0.9548611044883728,0.07657463103532791,0.08856384456157684,0.6315972208976746,0.03888889029622078,1.0,0.029813218861818314,0.9649070501327515,0.03297504037618637,0.03863552212715149,0.0032112521585077047,0.07368046045303345,0.062267035245895386,0.6409263610839844,0.012531528249382973,0.16874782741069794,0.5426391959190369
mid/view23.mp4,1,M01,0.42500001192092896,0.33674243092536926,0.586363673210144,0.7011444568634033,0.6299242377281189,0.10833089053630829,0.5148028135299683,0.8472703695297241,0.7191287875175476,0.26950758695602417,0.011363636702299118,0.145466148853302,0.08794350177049637,0.036429643630981445,0.4141080379486084,0.19905304908752441,0.7416666746139526,0.7720479369163513,0.0,0.7410984635353088,0.25890153646469116,0.7960444688796997,0.2244950830936432,1.0,0.06107625737786293,0.0601971335709095,0.6852272748947144,0.0,1.0,0.09048551321029663,0.9730271100997925,0.036429643630981445,0.06165220960974693,0.004627212882041931,0.09474098682403564,0.08061979711055756,0.5958460569381714,0.034337639808654785,0.12817609310150146,0.5455777645111084
mid/view24.mp4,1,M01,0.6106691956520081,0.29160356521606445,0.7630681991577148,0.7257437705993652,0.6861741542816162,0.11743047833442688,0.5,0.876427173614502,0.7450127005577087,0.15274623036384583,0.10224117338657379,0.1573297083377838,0.017669079825282097,0.06497903913259506,0.37009260058403015,0.13547980785369873,0.6583333015441895,0.755203127861023,0.0,0.7841541171073914,0.2158459722995758,0.8179898262023926,0.15799668431282043,1.0,0.0875210240483284,0.10680551081895828,0.6309027671813965,0.0295138880610466,1.0,0.16985401511192322,0.986562192440033,0.06497903913259506,0.057701095938682556,0.00565543444827199,0.07264990359544754,0.06148483604192734,0.5456776022911072,0.04780469089746475,0.20902644097805023,0.6075369119644165
mid/view25.mp4,1,M01,0.644345223903656,0.2931547462940216,0.6872519850730896,0.6802548170089722,0.6041666865348816,0.11414509266614914,0.47384536266326904,0.841484785079956,0.706845223903656,0.169394850730896,0.120783731341362,0.14691361784934998,-0.0009938364382833242,0.06943957507610321,0.42450791597366333,0.125,0.5583333373069763,0.7321792840957642,0.01785714365541935,0.7723214626312256,0.227678582072258,0.8202829360961914,0.1882701814174652,0.9821428656578064,0.10702428221702576,0.14245861768722534,0.6408730149269104,0.02777777798473835,1.0,0.1248527318239212,0.9442892074584961,0.06943957507610321,0.06586518883705139,0.0058549451641738415,0.10401123762130737,0.058522552251815796,0.5075647830963135,0.06917566806077957,0.18900561332702637,0.6102391481399536
mid/view26.mp4,1,M01,0.32894569635391235,0.5097853541374207,0.5520201921463013,0.642697811126709,0.4467487335205078,0.11138072609901428,0.4861242473125458,0.8161782026290894,0.5909091234207153,0.3123106062412262,0.09678030759096146,0.12449879944324493,0.019592510536313057,0.04802282899618149,0.42020344734191895,0.12238004803657532,0.6000000238418579,0.7774780988693237,0.0,0.8359532952308655,0.16404671967029572,0.8271437883377075,0.13661310076713562,1.0,0.20137780904769897,0.23107951879501343,0.456597238779068,0.0751488134264946,1.0,0.07136127352714539,0.9759228825569153,0.04802282899618149,0.08607129752635956,0.003843893762677908,0.06673974543809891,0.06305039674043655,0.6037060022354126,0.024502785876393318,0.15208587050437927,0.5137002468109131
mid/view27.mp4,1,M01,0.2239583432674408,0.5401785969734192,0.369791716337204,0.6571000218391418,0.4419642984867096,0.12509681284427643,0.5034037232398987,0.8348439335823059,0.5520833730697632,0.414434552192688,0.0334821417927742,0.12582091987133026,0.08016562461853027,0.02990064024925232,0.3008914887905121,0.1212797611951828,0.4750000238418579,0.8234954476356506,0.0,0.8511905074119568,0.1488095223903656,0.8605338931083679,0.15591679513454437,1.0,0.19196733832359314,0.317353755235672,0.6122024059295654,0.13065476715564728,1.0,0.035607755184173584,0.9718974828720093,0.02990064024925232,0.07001499831676483,0.004827589727938175,0.1077694445848465,0.062408287078142166,0.6413347721099854,0.029729552567005157,0.08391539752483368,0.4771745502948761
mid/view65.mp4,1,M02,0.4489087462425232,0.2874504029750824,0.5471230149269104,0.7609140872955322,0.7911706566810608,0.11009695380926132,0.5210945010185242,0.8672513365745544,0.7854662537574768,0.214533731341362,0.0,0.15517015755176544,0.09879794716835022,0.03917086124420166,0.34760624170303345,0.2557043731212616,0.550000011920929,0.7703052759170532,0.0,0.7854662537574768,0.214533731341362,0.8572605848312378,0.1427706778049469,1.0,0.10217122733592987,0.13108722865581512,0.6540178656578064,0.046875,1.0,0.10734516382217407,0.9798893332481384,0.03917086124420166,0.04344355687499046,0.003109441138803959,0.11302490532398224,0.054215338081121445,0.6052243709564209,0.014464604668319225,0.16651782393455505,0.5378248691558838
mid/view66.mp4,1,M02,0.19910715520381927,0.41651788353919983,0.5326704978942871,0.6908373832702637,0.6078643798828125,0.1292571723461151,0.44169729948043823,0.8444311022758484,0.6879464387893677,0.2629464268684387,0.0456349216401577,0.13138288259506226,0.0746534913778305,0.03584538400173187,0.4237234592437744,0.19658641517162323,0.550000011920929,0.7314944267272949,0.07039141654968262,0.7563356161117554,0.17327292263507843,0.8097330331802368,0.17843180894851685,0.9296085834503174,0.06286751478910446,0.03815314918756485,0.668154776096344,0.0,1.0,0.1922168880701065,0.9645499587059021,0.03584538400173187,0.04832412302494049,0.0021871954668313265,0.07841625809669495,0.04065200686454773,0.6924171447753906,0.05819440633058548,0.07980882376432419,0.45174750685691833
mid/view67.mp4,1,M02,0.5,0.3368055820465088,0.5600379109382629,0.6890760064125061,0.5727903842926025,0.11053444445133209,0.4945172369480133,0.8300623893737793,0.6927083134651184,0.3072916865348816,0.0,0.1489594280719757,0.07806377112865448,0.04492615908384323,0.3391917943954468,0.15864898264408112,0.6000000238418579,0.7620726823806763,0.06300505250692368,0.8342171311378479,0.10277777910232544,0.8408735394477844,0.12018676847219467,0.9508838653564453,0.09991395473480225,0.11072839796543121,0.6197916865348816,0.0451388880610466,1.0,0.1616435945034027,0.97650146484375,0.04492615908384323,0.06132623180747032,0.002487241057679057,0.12053649127483368,0.054121233522892,0.5680916905403137,0.04876966401934624,0.14466744661331177,0.5480088591575623
mid/view68.mp4,1,M02,0.4399801790714264,0.4188988208770752,0.6822916865348816,0.7235686779022217,0.6805555820465088,0.16317889094352722,0.36724311113357544,0.8751705884933472,0.6284722089767456,0.3715277910232544,0.0,0.1459788829088211,0.07687637954950333,0.04554048553109169,0.3694602847099304,0.1510416567325592,0.550000011920929,0.7777209281921387,0.0451388880610466,0.8784722089767456,0.1076388880610466,0.8417295813560486,0.10475235432386398,0.9548611044883728,0.12908165156841278,0.17840124666690826,0.6875,0.09375,1.0,0.27567237615585327,0.9061298966407776,0.04554048553109169,0.049242790788412094,0.0025178089272230864,0.1232350766658783,0.06895047426223755,0.6059437990188599,0.029796550050377846,0.12031353265047073,0.5694241523742676
mid/view69.mp4,1,M02,0.4583333432674408,0.4382440447807312,0.4635416865348816,0.7125366926193237,0.6381447911262512,0.12344352155923843,0.44271743297576904,0.853291392326355,0.7797619104385376,0.2202380746603012,0.0,0.14522099494934082,0.09401357918977737,0.032256994396448135,0.36299848556518555,0.227182537317276,0.5083333253860474,0.7784895896911621,0.0451388880610466,0.8849206566810608,0.083829365670681,0.8299871683120728,0.11382173001766205,0.9548611044883728,0.12743635475635529,0.12268110364675522,0.4970238506793976,0.0535714328289032,0.375,0.06979052722454071,0.9562712907791138,0.032256994396448135,0.06668132543563843,0.007747073192149401,0.07595936954021454,0.05858127772808075,0.6415963172912598,0.03128788620233536,0.11814676225185394,0.49176234006881714
mid/view695.mp4,1,M04,0.46711307764053345,0.35426589846611023,0.5228670239448547,0.7419929504394531,0.7771329283714294,0.09570936858654022,0.5479450821876526,0.8487753868103027,0.7189980745315552,0.2810019850730896,0.0,0.15362060070037842,0.09084070473909378,0.04010186344385147,0.3963296115398407,0.14925596117973328,0.5833333134651184,0.797256350517273,0.0,0.8517361283302307,0.14826390147209167,0.8457145690917969,0.1719939112663269,1.0,0.14370663464069366,0.16368091106414795,0.46964284777641296,0.07633928209543228,0.875,0.24550136923789978,0.9807422161102295,0.04010186344385147,0.04068797454237938,0.006759493611752987,0.11584306508302689,0.03994257003068924,0.6693536043167114,0.027869293466210365,0.0995439738035202,0.5788792371749878
mid/view696.mp4,1,M04,0.5174325704574585,0.30309411883354187,0.5669996738433838,0.7905083894729614,0.9200549721717834,0.09165207296609879,0.5882810354232788,0.8954872488975525,0.7542484998703003,0.2457514852285385,0.0,0.15579748153686523,0.08684127777814865,0.04243829473853111,0.4275835156440735,0.19432373344898224,0.675000011920929,0.7639476656913757,0.009615384973585606,0.7763243913650513,0.2140602469444275,0.8193057775497437,0.22108787298202515,1.0,0.1767510622739792,0.2661074697971344,0.6266594529151917,0.11186869442462921,0.875,0.2482302039861679,0.9521787166595459,0.04243829473853111,0.03903845697641373,0.002365546301007271,0.13990749418735504,0.035394035279750824,0.6613084077835083,0.008974790573120117,0.11301133781671524,0.5964471101760864
mid/view698.mp4,1,M04,0.4727182388305664,0.4030257761478424,0.453125,0.6569533348083496,0.6173115372657776,0.17928346991539001,0.24120843410491943,0.8380979299545288,0.6594741940498352,0.319692462682724,0.01785714365541935,0.14693644642829895,0.08122596889734268,0.047652874141931534,0.34814363718032837,0.155009925365448,0.5250000357627869,0.7109581232070923,0.0820932537317276,0.7123016119003296,0.1917162835597992,0.8018813729286194,0.23502133786678314,0.954365074634552,0.3544866144657135,0.33968716859817505,0.3125,0.3020833432674408,0.25,0.11531564593315125,0.9258639812469482,0.047652874141931534,0.06148742884397507,0.003360211383551359,0.12185831367969513,0.06504523009061813,0.5878221392631531,0.01736101321876049,0.14306572079658508,0.46273326873779297
mid/view699.mp4,1,M04,0.3395833671092987,0.4986111521720886,0.6812499761581421,0.7167440056800842,0.7170138955116272,0.10616197437047958,0.5370141863822937,0.8388301730155945,0.5989583134651184,0.328125,0.0729166641831398,0.1298472285270691,0.06393856555223465,0.04282763600349426,0.4279141426086426,0.15416666865348816,0.5916666388511658,0.7159128785133362,0.0,0.5847222208976746,0.41527774930000305,0.7180564403533936,0.2958291172981262,1.0,0.22173231840133667,0.2998276948928833,0.3787202537059784,0.085069440305233,1.0,0.20754045248031616,0.9791558980941772,0.04282763600349426,0.0703895315527916,0.003838734934106469,0.12136237323284149,0.053841762244701385,0.6510369777679443,0.014015480875968933,0.0855151042342186,0.4224678575992584
mid/view70.mp4,1,M02,0.3213789761066437,0.5479663014411926,0.5191287994384766,0.5952889323234558,0.4717487394809723,0.2033693939447403,0.14847198128700256,0.7966827750205994,0.49766865372657776,0.3960813283920288,0.08983585983514786,0.1223779171705246,0.038775328546762466,0.04702938348054886,0.3239838480949402,0.28573235869407654,0.6416667103767395,0.5955302119255066,0.18929925560951233,0.5358270406723022,0.2966540455818176,0.6765949130058289,0.3953329920768738,0.8324810862541199,0.18797773122787476,0.2056010365486145,0.4462752640247345,0.10277777910232544,0.125,0.0,0.9546664357185364,0.04702938348054886,0.04995061457157135,0.0036769688595086336,0.052132461220026016,0.04434795305132866,0.6697268486022949,0.018250156193971634,0.16191497445106506,0.32035714387893677
mid/view700.mp4,1,M04,0.3745400309562683,0.4148223400115967,0.5860480070114136,0.7281704545021057,0.7809342741966248,0.1053704023361206,0.5119832158088684,0.8515591621398926,0.6407332420349121,0.3453778624534607,0.013888888992369175,0.14568756520748138,0.09055033326148987,0.04229414090514183,0.34688475728034973,0.18418559432029724,0.6333333253860474,0.7534348964691162,0.0260416679084301,0.6971591711044312,0.2924242317676544,0.7946940660476685,0.26731154322624207,0.9739583134651184,0.12911826372146606,0.17611266672611237,0.5329861640930176,0.0434027761220932,1.0,0.17365974187850952,0.9616870880126953,0.04229414090514183,0.038847267627716064,0.003263775259256363,0.060812048614025116,0.07090242207050323,0.6331517696380615,0.02303234674036503,0.16999034583568573,0.53704434633255
mid/view701.mp4,1,M04,0.5148990154266357,0.3362374007701874,0.6601009964942932,0.7169725894927979,0.6853535175323486,0.10748201608657837,0.5100322961807251,0.8493378162384033,0.7376262545585632,0.20959597826004028,0.05277777835726738,0.1500566601753235,0.05660988762974739,0.048618488013744354,0.40200120210647583,0.1266414225101471,0.6583333611488342,0.7486105561256409,0.0,0.7489898800849915,0.25101011991500854,0.7929120659828186,0.19073723256587982,1.0,0.12677016854286194,0.13471975922584534,0.49027779698371887,0.06388889253139496,1.0,0.19467055797576904,0.9772432446479797,0.048618488013744354,0.046287842094898224,0.004563511814922094,0.09974616020917892,0.08502499014139175,0.5495712161064148,0.03711434826254845,0.1776919662952423,0.5765025019645691
mid/view702.mp4,1,M04,0.4670139253139496,0.3836805522441864,0.6579861044883728,0.6800562739372253,0.5295138955116272,0.11323939263820648,0.49698805809020996,0.837883710861206,0.6458333134651184,0.2326388955116272,0.1215277761220932,0.1340761035680771,0.015145345591008663,0.056070536375045776,0.40922433137893677,0.1284722238779068,0.550000011920929,0.7635374665260315,0.0,0.8142361044883728,0.1857638955116272,0.8339529037475586,0.16503995656967163,1.0,0.2240920066833496,0.30928999185562134,0.4102182686328888,0.0890376940369606,1.0,0.1484779715538025,0.985954999923706,0.056070536375045776,0.05926522612571716,0.007359122391790152,0.0831427201628685,0.06547830253839493,0.549588680267334,0.055490642786026,0.17967532575130463,0.5577342510223389
mid/view71.mp4,1,M02,0.11770834028720856,0.6346726417541504,0.575744092464447,0.580428957939148,0.40367066860198975,0.18307271599769592,0.2102043628692627,0.7774103283882141,0.3903273940086365,0.3142857253551483,0.2482638955116272,0.10033387690782547,0.04106176272034645,0.04537986218929291,0.4037260413169861,0.26299601793289185,0.49166667461395264,0.6292154788970947,0.15669642388820648,0.6298611164093018,0.26081350445747375,0.7121685147285461,0.2990362346172333,0.8433036208152771,0.16703273355960846,0.19007490575313568,0.6226190328598022,0.10729166865348816,0.125,0.0,0.7677956223487854,0.04537986218929291,0.10710681974887848,0.0026672128587961197,0.15548092126846313,0.08082892000675201,0.46677643060684204,0.0228189118206501,0.16432076692581177,0.23806670308113098
mid/view72.mp4,1,M02,0.3936012089252472,0.3913690447807312,0.5520833730697632,0.6322509050369263,0.5572916865348816,0.18679270148277283,0.25044143199920654,0.8596001267433167,0.6763392686843872,0.1877480149269104,0.125,0.14306721091270447,0.04656901955604553,0.05719795078039169,0.30581551790237427,0.2552083432674408,0.5249999761581421,0.6584672927856445,0.1788194477558136,0.7690972089767456,0.086805559694767,0.7324013710021973,0.2217084765434265,0.8697916865348816,0.27818089723587036,0.32260754704475403,0.3973214626312256,0.2447916716337204,0.125,0.0,0.8773215413093567,0.05719795078039169,0.08422434329986572,0.003967826254665852,0.07214483618736267,0.048475444316864014,0.5346552729606628,0.11918261647224426,0.1373496651649475,0.3378041982650757
mid/view73.mp4,1,M02,0.38482144474983215,0.4148809611797333,0.5211805701255798,0.6904643177986145,0.6499999761581421,0.16914886236190796,0.3285652995109558,0.8765430450439453,0.6510912775993347,0.2765377163887024,0.07013888657093048,0.1432618647813797,0.06541594862937927,0.05060070753097534,0.33513185381889343,0.2958333492279053,0.5916666388511658,0.7451937794685364,0.11354167014360428,0.7958332896232605,0.20416666567325592,0.8103232383728027,0.1954689621925354,0.9392361044883728,0.27656087279319763,0.28604620695114136,0.4179067611694336,0.2569444477558136,0.375,0.07185419648885727,0.9377316236495972,0.05060070753097534,0.0783238559961319,0.0028435932472348213,0.06261444836854935,0.05577230826020241,0.5453250408172607,0.18170152604579926,0.07341925799846649,0.38249486684799194
mid/view74.mp4,1,M02,0.22632575035095215,0.5462436676025391,0.5544507503509521,0.7382476329803467,0.8494318127632141,0.07538487762212753,0.5730485916137695,0.8429754972457886,0.6032196879386902,0.3559027910232544,0.04087752476334572,0.12826141715049744,0.06398288160562515,0.03601892292499542,0.3530374765396118,0.2061237394809723,0.658333420753479,0.8195203542709351,0.0,0.9103536009788513,0.08964646607637405,0.8587937355041504,0.1127099022269249,1.0,0.16135989129543304,0.19637751579284668,0.580018937587738,0.08349116146564484,1.0,0.08862105756998062,0.9827407598495483,0.03601892292499542,0.059834547340869904,0.0033451037015765905,0.0800318717956543,0.07131052017211914,0.6804167628288269,0.0238921120762825,0.0811690166592598,0.5853656530380249
mid/view75.mp4,1,M02,0.22689394652843475,0.5186237096786499,0.5802398920059204,0.7468079328536987,0.8459280133247375,0.08014538139104843,0.5740214586257935,0.853443443775177,0.6253788471221924,0.3607323169708252,0.013888888992369175,0.13181434571743011,0.07672061026096344,0.03381405770778656,0.3646787703037262,0.13974116742610931,0.6416666507720947,0.806138277053833,0.0,0.8463699221611023,0.15363004803657532,0.8594838976860046,0.13293510675430298,1.0,0.08657202124595642,0.10790762305259705,0.6516729593276978,0.015625,1.0,0.14449892938137054,0.9827141761779785,0.03381405770778656,0.0662020742893219,0.0061021107248961926,0.09007787704467773,0.07411970943212509,0.6229133605957031,0.045616764575242996,0.09496809542179108,0.5606833100318909
mid/view76.mp4,1,M02,0.1649305522441864,0.5208333730697632,0.4479166865348816,0.7264047265052795,0.7777777910232544,0.11161060631275177,0.5,0.8681579232215881,0.5972222089767456,0.2829861044883728,0.1197916641831398,0.11877518892288208,0.025821207091212273,0.042561329901218414,0.3329133987426758,0.1197916641831398,0.5583333373069763,0.7831326723098755,0.0,0.758680522441864,0.2413194477558136,0.7969685792922974,0.20602728426456451,1.0,0.0478566437959671,0.0670669674873352,0.8159722089767456,0.015625,1.0,0.13150782883167267,0.9734741449356079,0.042561329901218414,0.05269942432641983,0.005323557648807764,0.06885359436273575,0.06498819589614868,0.6881577372550964,0.016466356813907623,0.10351116210222244,0.5484951138496399
mid/view77.mp4,1,M02,0.18686868250370026,0.5481376051902771,0.4152461886405945,0.7413090467453003,0.7413194179534912,0.11171276867389679,0.5238838791847229,0.8662161827087402,0.5143623948097229,0.4075126349925995,0.078125,0.1179031953215599,0.042326971888542175,0.042449332773685455,0.3482118248939514,0.14851641654968262,0.5666667222976685,0.8044017553329468,0.0,0.8454861044883728,0.1545138955116272,0.7996711730957031,0.1837536245584488,1.0,0.10793770104646683,0.16228502988815308,0.65625,0.03125,0.75,0.18263623118400574,0.9835063219070435,0.042449332773685455,0.028875453397631645,0.0027478414122015238,0.05484355241060257,0.05694374069571495,0.7589244842529297,0.014000114053487778,0.08366481959819794,0.5509775280952454
mid/view78.mp4,1,M02,0.3096861243247986,0.5262130498886108,0.2922799587249756,0.7120741009712219,0.6877480745315552,0.11911904811859131,0.47109267115592957,0.841755747795105,0.5546401739120483,0.37839555740356445,0.0612599179148674,0.12489548325538635,0.045775387436151505,0.04626593738794327,0.3045538365840912,0.20367513597011566,0.5916666388511658,0.799938440322876,0.0434027761220932,0.9006944298744202,0.05590277537703514,0.8349398970603943,0.1618632972240448,0.9565972089767456,0.16758234798908234,0.17971254885196686,0.4776785671710968,0.1076388955116272,0.375,0.07172685861587524,0.9763259291648865,0.04626593738794327,0.03357452154159546,0.002873273566365242,0.1053556427359581,0.06574687361717224,0.6508259773254395,0.01826184242963791,0.12336185574531555,0.5100888013839722
mid/view79.mp4,1,M02,0.19563494622707367,0.6193452477455139,0.3528409004211426,0.6629416942596436,0.6159406900405884,0.16248172521591187,0.31844794750213623,0.8277719020843506,0.44905754923820496,0.39002978801727295,0.1526830792427063,0.11617538332939148,0.02844114601612091,0.04612297564744949,0.3141123652458191,0.23106060922145844,0.6166666746139526,0.7513658404350281,0.0658775269985199,0.7703282833099365,0.16379418969154358,0.8197498321533203,0.2344619631767273,0.9341224431991577,0.1756150871515274,0.22179648280143738,0.5399801731109619,0.10555555671453476,0.625,0.19863834977149963,0.9559228420257568,0.04612297564744949,0.029464110732078552,0.0023355884477496147,0.07611479610204697,0.03449669107794762,0.7548238039016724,0.004770621657371521,0.09799441695213318,0.4687325954437256
mid/view80.mp4,1,M02,0.3576388955116272,0.4149305522441864,0.4895833432674408,0.7263625860214233,0.8611111044883728,0.07954300194978714,0.5808614492416382,0.8424620628356934,0.6788194179534912,0.2604166865348816,0.0607638880610466,0.1379668116569519,0.08594416081905365,0.03372073173522949,0.3156075179576874,0.3246527910232544,0.5416666865348816,0.8071834444999695,0.0,0.9079861044883728,0.0920138880610466,0.8354177474975586,0.11887626349925995,1.0,0.07216671854257584,0.06992471218109131,0.609375,0.0,1.0,0.08267252147197723,0.9656383991241455,0.03372073173522949,0.04080928862094879,0.003565750317648053,0.13894982635974884,0.03795993700623512,0.696947455406189,0.027570830658078194,0.05419691652059555,0.5163174867630005
mid/view81.mp4,1,M02,0.2318948358297348,0.4632936716079712,0.5084325671195984,0.7295510768890381,0.8958333134651184,0.06286062300205231,0.61822909116745,0.8191401958465576,0.6269840598106384,0.3730158507823944,0.0,0.13353268802165985,0.08842677623033524,0.028000880032777786,0.3128198981285095,0.2891865074634552,0.5416666865348816,0.8167846202850342,0.0,0.9097222089767456,0.0902777761220932,0.8497593402862549,0.13139748573303223,1.0,0.025848956778645515,0.015298757702112198,0.859375,0.0,1.0,0.007561751641333103,0.9753901958465576,0.028000880032777786,0.033483270555734634,0.0030135067645460367,0.09517022222280502,0.04009050503373146,0.7301275730133057,0.024971425533294678,0.07314352691173553,0.4988866448402405
mid/view82.mp4,1,M02,0.22564485669136047,0.3941468298435211,0.44012898206710815,0.7286238670349121,0.8842262029647827,0.046665437519550323,0.6605153679847717,0.8022627830505371,0.6509920358657837,0.3490079343318939,0.0,0.13445964455604553,0.09261955320835114,0.02705179527401924,0.36008718609809875,0.30024802684783936,0.550000011920929,0.8263155817985535,0.0,0.8476190567016602,0.15238095819950104,0.8774775266647339,0.1351376473903656,1.0,0.1307109296321869,0.1451740264892578,0.7202381491661072,0.0535714291036129,1.0,0.005778305232524872,0.97990483045578,0.02705179527401924,0.032277222722768784,0.0030573890544474125,0.11283493787050247,0.048703260719776154,0.6887741684913635,0.020828910171985626,0.09352409094572067,0.4865851402282715
mid/view83.mp4,1,M02,0.3010416626930237,0.3569444417953491,0.5152778029441833,0.7630930542945862,0.956250011920929,0.04670742154121399,0.6906349658966064,0.8373416066169739,0.7003472447395325,0.2996527850627899,0.0,0.1446886509656906,0.10064604878425598,0.03343311697244644,0.36002588272094727,0.30868053436279297,0.5916666388511658,0.8151407241821289,0.0,0.9163194298744202,0.08368055522441864,0.8632524013519287,0.12369237840175629,1.0,0.07690593600273132,0.08505023270845413,0.6660714149475098,0.0357142873108387,1.0,0.0946437269449234,0.9856002330780029,0.03343311697244644,0.05228718742728233,0.0023867886047810316,0.0835978165268898,0.06207100301980972,0.7101281881332397,0.010791449807584286,0.07873756438493729,0.5589948296546936
mid/view84.mp4,1,M02,0.2708333432674408,0.3628472089767456,0.3645833432674408,0.7358627319335938,0.7135416865348816,0.07861898094415665,0.6139016151428223,0.8423991203308105,0.6822916865348816,0.3177083432674408,0.0,0.13949331641197205,0.1000286415219307,0.025809895247220993,0.3643472194671631,0.2586805522441864,0.550000011920929,0.8237401247024536,0.0,0.953125,0.046875,0.8451148271560669,0.12912866473197937,1.0,0.1768556833267212,0.2457045316696167,0.5850694179534912,0.1041666716337204,1.0,0.017709171399474144,0.9901031851768494,0.025809895247220993,0.04166920855641365,0.0036079101264476776,0.06762734800577164,0.04452747851610184,0.751767098903656,0.012095789425075054,0.07870514690876007,0.5705212354660034
mid/view85.mp4,1,M02,0.375,0.3420138955116272,0.3888888657093048,0.7446884512901306,0.765625,0.08393953740596771,0.6107831001281738,0.8640204071998596,0.703125,0.296875,0.0,0.14349797368049622,0.10364781320095062,0.029409442096948624,0.3596284091472626,0.2673611044883728,0.5583333373069763,0.8280206918716431,0.0,0.8958333134651184,0.1041666641831398,0.8768859505653381,0.12029670178890228,1.0,0.07627216726541519,0.05849076807498932,0.6006944179534912,0.015625,1.0,0.009345602244138718,0.9881242513656616,0.029409442096948624,0.04743793606758118,0.0021916027180850506,0.054571110755205154,0.06118673458695412,0.7033807039260864,0.015516791492700577,0.11571505665779114,0.6239838600158691
mid/view86.mp4,1,M02,0.21388889849185944,0.4954861104488373,0.42847222089767456,0.7099213004112244,0.8246527910232544,0.114357128739357,0.4416353404521942,0.8234718441963196,0.5729166865348816,0.3819444477558136,0.0434027761220932,0.13032464683055878,0.07737143337726593,0.03338871896266937,0.35267773270606995,0.30590277910232544,0.6000000238418579,0.7614795565605164,0.02638888917863369,0.7638888955116272,0.22361111640930176,0.8654597997665405,0.2487989068031311,0.9736111164093018,0.08236666768789291,0.09038844704627991,0.6684027910232544,0.0434027761220932,1.0,0.006635147612541914,0.9460763931274414,0.03338871896266937,0.05987520143389702,0.0025204515550285578,0.06796779483556747,0.05731717497110367,0.7510948777198792,0.006999083328992128,0.0542253777384758,0.5411829352378845
mid/view87.mp4,1,M02,0.21349206566810608,0.573164701461792,0.5764384865760803,0.7212868928909302,0.8496527671813965,0.10000427067279816,0.4656691551208496,0.8234681487083435,0.4880952537059784,0.42822420597076416,0.08368055522441864,0.12324031442403793,0.06034350395202637,0.03543052077293396,0.33855557441711426,0.19910715520381927,0.5833333134651184,0.7620525360107422,0.012500000186264515,0.8108134865760803,0.17668651044368744,0.8021647930145264,0.17165276408195496,1.0,0.08766516298055649,0.12230609357357025,0.7167658805847168,0.01785714365541935,1.0,0.04881541058421135,0.9561200141906738,0.03543052077293396,0.050922323018312454,0.0020410893484950066,0.07904405891895294,0.07297814637422562,0.7388870716094971,0.015186232514679432,0.040941037237644196,0.4280948340892792
mid/view88.mp4,1,M02,0.1979166865348816,0.544990062713623,0.5750000476837158,0.6860771179199219,0.6760416030883789,0.1349821835756302,0.4018321633338928,0.8248468041419983,0.5832837224006653,0.27316468954086304,0.13784721493721008,0.11731038242578506,0.013134140521287918,0.05135805532336235,0.3555200695991516,0.15659722685813904,0.5916666388511658,0.7615739107131958,0.0295138880610466,0.8187499642372131,0.15173611044883728,0.8168368935585022,0.10169738531112671,0.9704861044883728,0.05734645575284958,0.05781146138906479,0.7135416269302368,0.015625,1.0,0.1556609869003296,0.9479013681411743,0.05135805532336235,0.03302127867937088,0.002321437234058976,0.04710562154650688,0.06442630290985107,0.7340081334114075,0.008557608351111412,0.11055964976549149,0.40043890476226807
mid/view89.mp4,1,M02,0.2430555522441864,0.4809027910232544,0.5937499403953552,0.709480881690979,0.6805555820465088,0.10555142909288406,0.5214899182319641,0.8474510908126831,0.59375,0.3055555522441864,0.1006944477558136,0.12462875247001648,0.05356461554765701,0.04024523124098778,0.3597981631755829,0.157986119389534,0.574999988079071,0.7205429673194885,0.013888888992369175,0.7690972089767456,0.2309027910232544,0.7734985947608948,0.16016896069049835,1.0,0.13911928236484528,0.25044557452201843,0.7100694179534912,0.0625,1.0,0.03845614939928055,0.9894081950187683,0.04024523124098778,0.024890679866075516,0.0016797048738226295,0.0546264685690403,0.034275852143764496,0.7988215088844299,0.010063743218779564,0.07564204186201096,0.46127134561538696
mid/view90.mp4,1,M02,0.396297812461853,0.3349882960319519,0.6920003294944763,0.7406420707702637,0.7950712442398071,0.07745879888534546,0.5908563733100891,0.8479248285293579,0.6914005279541016,0.3085993826389313,0.0,0.14164866507053375,0.0877879336476326,0.034446120262145996,0.3807542622089386,0.1601235717535019,0.6166666150093079,0.754498302936554,0.01785714365541935,0.8456304669380188,0.15436960756778717,0.7907800674438477,0.12148824334144592,1.0,0.04898285120725632,0.03459123894572258,0.7538690567016602,0.0,1.0,0.05576671287417412,0.9871969223022461,0.034446120262145996,0.0668247640132904,0.0031109449919313192,0.07443543523550034,0.05037224292755127,0.6524800658226013,0.017543308436870575,0.13523326814174652,0.4276968836784363
